source_screen_id,source_element_id,target_screen_id,application_name,label
407:6430,407:6431,407:6472,shaeds,0
407:6430,407:6431,407:6491,shaeds,0
407:6430,407:6431,407:6513,shaeds,0
407:6430,407:6446,407:6472,shaeds,0
407:6430,407:6446,407:6491,shaeds,0
407:6430,407:6446,407:6513,shaeds,0
407:6430,407:6454,407:6472,shaeds,0
407:6430,407:6454,407:6491,shaeds,0
407:6430,407:6454,407:6513,shaeds,0
407:6430,407:6462,407:6472,shaeds,0
407:6430,407:6462,407:6491,shaeds,0
407:6430,407:6462,407:6513,shaeds,0
407:6430,407:6469,407:6472,shaeds,0
407:6430,407:6469,407:6491,shaeds,0
407:6430,407:6469,407:6513,shaeds,0
407:6430,407:6439,407:6472,shaeds,0
407:6430,407:6439,407:6491,shaeds,0
407:6430,407:6439,407:6513,shaeds,0
407:6430,407:6445,407:6472,shaeds,0
407:6430,407:6445,407:6491,shaeds,0
407:6430,407:6445,407:6513,shaeds,0
407:6430,407:6440,407:6472,shaeds,0
407:6430,407:6440,407:6491,shaeds,0
407:6430,407:6440,407:6513,shaeds,0
407:6430,407:6442,407:6472,shaeds,0
407:6430,407:6442,407:6491,shaeds,0
407:6430,407:6442,407:6513,shaeds,0
407:6430,407:6444,407:6472,shaeds,0
407:6430,407:6444,407:6491,shaeds,0
407:6430,407:6444,407:6513,shaeds,0
407:6430,407:6443,407:6472,shaeds,0
407:6430,407:6443,407:6491,shaeds,0
407:6430,407:6443,407:6513,shaeds,0
407:6430,407:6441,407:6472,shaeds,0
407:6430,407:6441,407:6491,shaeds,0
407:6430,407:6441,407:6513,shaeds,0
407:6430,407:6432,407:6472,shaeds,1
407:6430,407:6432,407:6472,shaeds,0
407:6430,407:6432,407:6491,shaeds,0
407:6430,407:6432,407:6513,shaeds,0
407:6430,407:6438,407:6472,shaeds,0
407:6430,407:6438,407:6491,shaeds,0
407:6430,407:6438,407:6513,shaeds,0
407:6430,407:6433,407:6472,shaeds,0
407:6430,407:6433,407:6491,shaeds,0
407:6430,407:6433,407:6513,shaeds,0
407:6430,407:6435,407:6472,shaeds,0
407:6430,407:6435,407:6491,shaeds,0
407:6430,407:6435,407:6513,shaeds,0
407:6430,407:6437,407:6472,shaeds,0
407:6430,407:6437,407:6491,shaeds,0
407:6430,407:6437,407:6513,shaeds,0
407:6430,407:6436,407:6472,shaeds,0
407:6430,407:6436,407:6491,shaeds,0
407:6430,407:6436,407:6513,shaeds,0
407:6430,407:6434,407:6472,shaeds,0
407:6430,407:6434,407:6491,shaeds,0
407:6430,407:6434,407:6513,shaeds,0
407:6430,407:6448,407:6472,shaeds,0
407:6430,407:6448,407:6491,shaeds,0
407:6430,407:6448,407:6513,shaeds,0
407:6430,407:6452,407:6472,shaeds,0
407:6430,407:6452,407:6491,shaeds,0
407:6430,407:6452,407:6513,shaeds,0
407:6430,407:6453,407:6472,shaeds,0
407:6430,407:6453,407:6491,shaeds,0
407:6430,407:6453,407:6513,shaeds,0
407:6430,407:6449,407:6472,shaeds,0
407:6430,407:6449,407:6491,shaeds,0
407:6430,407:6449,407:6513,shaeds,0
407:6430,407:6451,407:6472,shaeds,0
407:6430,407:6451,407:6491,shaeds,0
407:6430,407:6451,407:6513,shaeds,0
407:6430,407:6450,407:6472,shaeds,0
407:6430,407:6450,407:6491,shaeds,0
407:6430,407:6450,407:6513,shaeds,0
407:6430,407:6447,407:6472,shaeds,0
407:6430,407:6447,407:6491,shaeds,0
407:6430,407:6447,407:6513,shaeds,0
407:6430,407:6456,407:6472,shaeds,0
407:6430,407:6456,407:6491,shaeds,0
407:6430,407:6456,407:6513,shaeds,0
407:6430,407:6460,407:6472,shaeds,0
407:6430,407:6460,407:6491,shaeds,0
407:6430,407:6460,407:6513,shaeds,0
407:6430,407:6461,407:6472,shaeds,0
407:6430,407:6461,407:6491,shaeds,0
407:6430,407:6461,407:6513,shaeds,0
407:6430,407:6457,407:6472,shaeds,0
407:6430,407:6457,407:6491,shaeds,0
407:6430,407:6457,407:6513,shaeds,0
407:6430,407:6459,407:6472,shaeds,0
407:6430,407:6459,407:6491,shaeds,0
407:6430,407:6459,407:6513,shaeds,0
407:6430,407:6458,407:6472,shaeds,0
407:6430,407:6458,407:6491,shaeds,0
407:6430,407:6458,407:6513,shaeds,0
407:6430,407:6455,407:6472,shaeds,0
407:6430,407:6455,407:6491,shaeds,0
407:6430,407:6455,407:6513,shaeds,0
407:6430,407:6468,407:6472,shaeds,0
407:6430,407:6468,407:6491,shaeds,0
407:6430,407:6468,407:6513,shaeds,0
407:6430,407:6463,407:6472,shaeds,1
407:6430,407:6463,407:6472,shaeds,0
407:6430,407:6463,407:6491,shaeds,0
407:6430,407:6463,407:6513,shaeds,0
407:6430,407:6467,407:6472,shaeds,0
407:6430,407:6467,407:6491,shaeds,0
407:6430,407:6467,407:6513,shaeds,0
407:6430,407:6464,407:6472,shaeds,0
407:6430,407:6464,407:6491,shaeds,0
407:6430,407:6464,407:6513,shaeds,0
407:6430,407:6466,407:6472,shaeds,0
407:6430,407:6466,407:6491,shaeds,0
407:6430,407:6466,407:6513,shaeds,0
407:6430,407:6465,407:6472,shaeds,0
407:6430,407:6465,407:6491,shaeds,0
407:6430,407:6465,407:6513,shaeds,0
407:6430,407:6470,407:6472,shaeds,0
407:6430,407:6470,407:6491,shaeds,0
407:6430,407:6470,407:6513,shaeds,0
407:6430,407:6471,407:6472,shaeds,0
407:6430,407:6471,407:6491,shaeds,0
407:6430,407:6471,407:6513,shaeds,0
407:6472,407:6473,407:6430,shaeds,0
407:6472,407:6473,407:6491,shaeds,0
407:6472,407:6473,407:6513,shaeds,0
407:6472,407:6474,407:6430,shaeds,0
407:6472,407:6474,407:6491,shaeds,0
407:6472,407:6474,407:6513,shaeds,0
407:6472,407:6475,407:6430,shaeds,0
407:6472,407:6475,407:6491,shaeds,0
407:6472,407:6475,407:6513,shaeds,0
407:6472,407:6480,407:6430,shaeds,0
407:6472,407:6480,407:6491,shaeds,0
407:6472,407:6480,407:6513,shaeds,0
407:6472,407:6488,407:6430,shaeds,0
407:6472,407:6488,407:6491,shaeds,0
407:6472,407:6488,407:6513,shaeds,0
407:6472,407:6479,407:6430,shaeds,0
407:6472,407:6479,407:6491,shaeds,0
407:6472,407:6479,407:6513,shaeds,0
407:6472,407:6476,407:6430,shaeds,0
407:6472,407:6476,407:6491,shaeds,0
407:6472,407:6476,407:6513,shaeds,0
407:6472,407:6478,407:6430,shaeds,0
407:6472,407:6478,407:6491,shaeds,0
407:6472,407:6478,407:6513,shaeds,0
407:6472,407:6477,407:6430,shaeds,0
407:6472,407:6477,407:6491,shaeds,0
407:6472,407:6477,407:6513,shaeds,0
407:6472,407:6486,407:6430,shaeds,0
407:6472,407:6486,407:6491,shaeds,0
407:6472,407:6486,407:6513,shaeds,0
407:6472,407:6487,407:6430,shaeds,0
407:6472,407:6487,407:6491,shaeds,0
407:6472,407:6487,407:6513,shaeds,0
407:6472,407:6481,407:6430,shaeds,0
407:6472,407:6481,407:6491,shaeds,1
407:6472,407:6481,407:6491,shaeds,0
407:6472,407:6481,407:6513,shaeds,0
407:6472,407:6485,407:6430,shaeds,0
407:6472,407:6485,407:6491,shaeds,0
407:6472,407:6485,407:6513,shaeds,0
407:6472,407:6482,407:6430,shaeds,0
407:6472,407:6482,407:6491,shaeds,0
407:6472,407:6482,407:6513,shaeds,0
407:6472,407:6484,407:6430,shaeds,0
407:6472,407:6484,407:6491,shaeds,0
407:6472,407:6484,407:6513,shaeds,0
407:6472,407:6483,407:6430,shaeds,0
407:6472,407:6483,407:6491,shaeds,0
407:6472,407:6483,407:6513,shaeds,0
407:6472,407:6489,407:6430,shaeds,1
407:6472,407:6489,407:6430,shaeds,0
407:6472,407:6489,407:6491,shaeds,0
407:6472,407:6489,407:6513,shaeds,0
407:6472,407:6490,407:6430,shaeds,0
407:6472,407:6490,407:6491,shaeds,0
407:6472,407:6490,407:6513,shaeds,0
407:6491,407:6492,407:6430,shaeds,0
407:6491,407:6492,407:6472,shaeds,0
407:6491,407:6492,407:6513,shaeds,0
407:6491,407:6506,407:6430,shaeds,0
407:6491,407:6506,407:6472,shaeds,0
407:6491,407:6506,407:6513,shaeds,0
407:6491,407:6504,407:6430,shaeds,0
407:6491,407:6504,407:6472,shaeds,0
407:6491,407:6504,407:6513,shaeds,0
407:6491,407:6505,407:6430,shaeds,0
407:6491,407:6505,407:6472,shaeds,0
407:6491,407:6505,407:6513,shaeds,0
407:6491,407:6493,407:6430,shaeds,0
407:6491,407:6493,407:6472,shaeds,0
407:6491,407:6493,407:6513,shaeds,0
407:6491,407:6495,407:6430,shaeds,0
407:6491,407:6495,407:6472,shaeds,0
407:6491,407:6495,407:6513,shaeds,0
407:6491,407:6501,407:6430,shaeds,0
407:6491,407:6501,407:6472,shaeds,0
407:6491,407:6501,407:6513,shaeds,0
407:6491,407:6503,407:6430,shaeds,0
407:6491,407:6503,407:6472,shaeds,1
407:6491,407:6503,407:6472,shaeds,0
407:6491,407:6503,407:6513,shaeds,0
407:6491,407:6502,407:6430,shaeds,0
407:6491,407:6502,407:6472,shaeds,0
407:6491,407:6502,407:6513,shaeds,0
407:6491,407:6496,407:6430,shaeds,0
407:6491,407:6496,407:6472,shaeds,0
407:6491,407:6496,407:6513,shaeds,0
407:6491,407:6500,407:6430,shaeds,0
407:6491,407:6500,407:6472,shaeds,0
407:6491,407:6500,407:6513,shaeds,0
407:6491,407:6497,407:6430,shaeds,0
407:6491,407:6497,407:6472,shaeds,0
407:6491,407:6497,407:6513,shaeds,0
407:6491,407:6499,407:6430,shaeds,0
407:6491,407:6499,407:6472,shaeds,0
407:6491,407:6499,407:6513,shaeds,0
407:6491,407:6498,407:6430,shaeds,0
407:6491,407:6498,407:6472,shaeds,0
407:6491,407:6498,407:6513,shaeds,0
407:6491,407:6494,407:6430,shaeds,0
407:6491,407:6494,407:6472,shaeds,0
407:6491,407:6494,407:6513,shaeds,0
407:6491,407:6512,407:6430,shaeds,0
407:6491,407:6512,407:6472,shaeds,0
407:6491,407:6512,407:6513,shaeds,0
407:6491,407:6507,407:6430,shaeds,0
407:6491,407:6507,407:6472,shaeds,0
407:6491,407:6507,407:6513,shaeds,1
407:6491,407:6507,407:6513,shaeds,0
407:6491,407:6511,407:6430,shaeds,0
407:6491,407:6511,407:6472,shaeds,0
407:6491,407:6511,407:6513,shaeds,0
407:6491,407:6508,407:6430,shaeds,0
407:6491,407:6508,407:6472,shaeds,0
407:6491,407:6508,407:6513,shaeds,0
407:6491,407:6510,407:6430,shaeds,0
407:6491,407:6510,407:6472,shaeds,0
407:6491,407:6510,407:6513,shaeds,0
407:6491,407:6509,407:6430,shaeds,0
407:6491,407:6509,407:6472,shaeds,0
407:6491,407:6509,407:6513,shaeds,0
407:6513,407:6514,407:6430,shaeds,0
407:6513,407:6514,407:6472,shaeds,0
407:6513,407:6514,407:6491,shaeds,0
407:6513,407:6522,407:6430,shaeds,0
407:6513,407:6522,407:6472,shaeds,0
407:6513,407:6522,407:6491,shaeds,0
407:6513,407:6519,407:6430,shaeds,0
407:6513,407:6519,407:6472,shaeds,0
407:6513,407:6519,407:6491,shaeds,0
407:6513,407:6521,407:6430,shaeds,0
407:6513,407:6521,407:6472,shaeds,0
407:6513,407:6521,407:6491,shaeds,0
407:6513,407:6520,407:6430,shaeds,0
407:6513,407:6520,407:6472,shaeds,0
407:6513,407:6520,407:6491,shaeds,0
407:6513,407:6518,407:6430,shaeds,0
407:6513,407:6518,407:6472,shaeds,0
407:6513,407:6518,407:6491,shaeds,0
407:6513,407:6515,407:6430,shaeds,0
407:6513,407:6515,407:6472,shaeds,0
407:6513,407:6515,407:6491,shaeds,0
407:6513,407:6517,407:6430,shaeds,0
407:6513,407:6517,407:6472,shaeds,0
407:6513,407:6517,407:6491,shaeds,0
407:6513,407:6516,407:6430,shaeds,0
407:6513,407:6516,407:6472,shaeds,0
407:6513,407:6516,407:6491,shaeds,0
407:6513,407:6550,407:6430,shaeds,0
407:6513,407:6550,407:6472,shaeds,0
407:6513,407:6550,407:6491,shaeds,0
407:6513,407:6554,407:6430,shaeds,0
407:6513,407:6554,407:6472,shaeds,0
407:6513,407:6554,407:6491,shaeds,0
407:6513,407:6556,407:6430,shaeds,0
407:6513,407:6556,407:6472,shaeds,0
407:6513,407:6556,407:6491,shaeds,0
407:6513,407:6555,407:6430,shaeds,0
407:6513,407:6555,407:6472,shaeds,0
407:6513,407:6555,407:6491,shaeds,0
407:6513,407:6551,407:6430,shaeds,0
407:6513,407:6551,407:6472,shaeds,0
407:6513,407:6551,407:6491,shaeds,0
407:6513,407:6553,407:6430,shaeds,0
407:6513,407:6553,407:6472,shaeds,0
407:6513,407:6553,407:6491,shaeds,0
407:6513,407:6552,407:6430,shaeds,0
407:6513,407:6552,407:6472,shaeds,0
407:6513,407:6552,407:6491,shaeds,0
407:6513,407:6523,407:6430,shaeds,0
407:6513,407:6523,407:6472,shaeds,0
407:6513,407:6523,407:6491,shaeds,0
407:6513,407:6527,407:6430,shaeds,0
407:6513,407:6527,407:6472,shaeds,0
407:6513,407:6527,407:6491,shaeds,0
407:6513,407:6539,407:6430,shaeds,0
407:6513,407:6539,407:6472,shaeds,0
407:6513,407:6539,407:6491,shaeds,0
407:6513,407:6541,407:6430,shaeds,0
407:6513,407:6541,407:6472,shaeds,0
407:6513,407:6541,407:6491,shaeds,0
407:6513,407:6547,407:6430,shaeds,0
407:6513,407:6547,407:6472,shaeds,0
407:6513,407:6547,407:6491,shaeds,0
407:6513,407:6549,407:6430,shaeds,0
407:6513,407:6549,407:6472,shaeds,0
407:6513,407:6549,407:6491,shaeds,0
407:6513,407:6548,407:6430,shaeds,0
407:6513,407:6548,407:6472,shaeds,0
407:6513,407:6548,407:6491,shaeds,0
407:6513,407:6542,407:6430,shaeds,0
407:6513,407:6542,407:6472,shaeds,0
407:6513,407:6542,407:6491,shaeds,0
407:6513,407:6543,407:6430,shaeds,0
407:6513,407:6543,407:6472,shaeds,0
407:6513,407:6543,407:6491,shaeds,0
407:6513,407:6545,407:6430,shaeds,0
407:6513,407:6545,407:6472,shaeds,0
407:6513,407:6545,407:6491,shaeds,0
407:6513,407:6544,407:6430,shaeds,0
407:6513,407:6544,407:6472,shaeds,0
407:6513,407:6544,407:6491,shaeds,0
407:6513,407:6540,407:6430,shaeds,0
407:6513,407:6540,407:6472,shaeds,0
407:6513,407:6540,407:6491,shaeds,0
407:6513,407:6528,407:6430,shaeds,0
407:6513,407:6528,407:6472,shaeds,0
407:6513,407:6528,407:6491,shaeds,0
407:6513,407:6530,407:6430,shaeds,0
407:6513,407:6530,407:6472,shaeds,0
407:6513,407:6530,407:6491,shaeds,0
407:6513,407:6536,407:6430,shaeds,0
407:6513,407:6536,407:6472,shaeds,0
407:6513,407:6536,407:6491,shaeds,0
407:6513,407:6538,407:6430,shaeds,0
407:6513,407:6538,407:6472,shaeds,1
407:6513,407:6538,407:6472,shaeds,0
407:6513,407:6538,407:6491,shaeds,0
407:6513,407:6537,407:6430,shaeds,0
407:6513,407:6537,407:6472,shaeds,0
407:6513,407:6537,407:6491,shaeds,0
407:6513,407:6531,407:6430,shaeds,0
407:6513,407:6531,407:6472,shaeds,0
407:6513,407:6531,407:6491,shaeds,0
407:6513,407:6535,407:6430,shaeds,0
407:6513,407:6535,407:6472,shaeds,0
407:6513,407:6535,407:6491,shaeds,0
407:6513,407:6532,407:6430,shaeds,0
407:6513,407:6532,407:6472,shaeds,0
407:6513,407:6532,407:6491,shaeds,0
407:6513,407:6534,407:6430,shaeds,0
407:6513,407:6534,407:6472,shaeds,0
407:6513,407:6534,407:6491,shaeds,0
407:6513,407:6533,407:6430,shaeds,0
407:6513,407:6533,407:6472,shaeds,0
407:6513,407:6533,407:6491,shaeds,0
407:6513,407:6529,407:6430,shaeds,0
407:6513,407:6529,407:6472,shaeds,0
407:6513,407:6529,407:6491,shaeds,0
407:6513,407:6524,407:6430,shaeds,0
407:6513,407:6524,407:6472,shaeds,0
407:6513,407:6524,407:6491,shaeds,0
407:6513,407:6526,407:6430,shaeds,0
407:6513,407:6526,407:6472,shaeds,0
407:6513,407:6526,407:6491,shaeds,1
407:6513,407:6526,407:6491,shaeds,0
407:6513,407:6525,407:6430,shaeds,0
407:6513,407:6525,407:6472,shaeds,0
407:6513,407:6525,407:6491,shaeds,0
407:7974,407:7975,407:7815,monet,0
407:7974,407:7975,407:7910,monet,0
407:7974,407:7975,407:7751,monet,0
407:7974,407:7981,407:7815,monet,0
407:7974,407:7981,407:7910,monet,0
407:7974,407:7981,407:7751,monet,0
407:7974,407:7982,407:7815,monet,0
407:7974,407:7982,407:7910,monet,0
407:7974,407:7982,407:7751,monet,0
407:7974,407:7986,407:7815,monet,0
407:7974,407:7986,407:7910,monet,0
407:7974,407:7986,407:7751,monet,0
407:7974,407:7987,407:7815,monet,0
407:7974,407:7987,407:7910,monet,0
407:7974,407:7987,407:7751,monet,0
407:7974,407:7988,407:7815,monet,0
407:7974,407:7988,407:7910,monet,0
407:7974,407:7988,407:7751,monet,0
407:7974,407:7989,407:7815,monet,0
407:7974,407:7989,407:7910,monet,0
407:7974,407:7989,407:7751,monet,0
407:7974,407:7990,407:7815,monet,0
407:7974,407:7990,407:7910,monet,0
407:7974,407:7990,407:7751,monet,0
407:7974,407:7991,407:7815,monet,0
407:7974,407:7991,407:7910,monet,0
407:7974,407:7991,407:7751,monet,0
407:7974,407:7979,407:7815,monet,0
407:7974,407:7979,407:7910,monet,0
407:7974,407:7979,407:7751,monet,0
407:7974,407:7980,407:7815,monet,0
407:7974,407:7980,407:7910,monet,0
407:7974,407:7980,407:7751,monet,0
407:7974,407:7976,407:7815,monet,0
407:7974,407:7976,407:7910,monet,0
407:7974,407:7976,407:7751,monet,1
407:7974,407:7976,407:7751,monet,0
407:7974,407:7977,407:7815,monet,0
407:7974,407:7977,407:7910,monet,0
407:7974,407:7977,407:7751,monet,0
407:7974,407:7978,407:7815,monet,0
407:7974,407:7978,407:7910,monet,0
407:7974,407:7978,407:7751,monet,0
407:7974,407:7985,407:7815,monet,0
407:7974,407:7985,407:7910,monet,0
407:7974,407:7985,407:7751,monet,0
407:7974,407:7984,407:7815,monet,0
407:7974,407:7984,407:7910,monet,0
407:7974,407:7984,407:7751,monet,0
407:7974,407:7983,407:7815,monet,0
407:7974,407:7983,407:7910,monet,0
407:7974,407:7983,407:7751,monet,0
407:7974,407:8042,407:7815,monet,0
407:7974,407:8042,407:7910,monet,0
407:7974,407:8042,407:7751,monet,0
407:7974,407:8043,407:7815,monet,0
407:7974,407:8043,407:7910,monet,0
407:7974,407:8043,407:7751,monet,0
407:7974,407:8045,407:7815,monet,0
407:7974,407:8045,407:7910,monet,0
407:7974,407:8045,407:7751,monet,0
407:7974,407:8046,407:7815,monet,0
407:7974,407:8046,407:7910,monet,0
407:7974,407:8046,407:7751,monet,0
407:7974,407:8044,407:7815,monet,0
407:7974,407:8044,407:7910,monet,0
407:7974,407:8044,407:7751,monet,0
407:7974,407:8034,407:7815,monet,0
407:7974,407:8034,407:7910,monet,0
407:7974,407:8034,407:7751,monet,0
407:7974,407:8035,407:7815,monet,0
407:7974,407:8035,407:7910,monet,0
407:7974,407:8035,407:7751,monet,0
407:7974,407:8037,407:7815,monet,0
407:7974,407:8037,407:7910,monet,0
407:7974,407:8037,407:7751,monet,0
407:7974,407:8039,407:7815,monet,0
407:7974,407:8039,407:7910,monet,0
407:7974,407:8039,407:7751,monet,0
407:7974,407:8038,407:7815,monet,0
407:7974,407:8038,407:7910,monet,0
407:7974,407:8038,407:7751,monet,0
407:7974,407:8036,407:7815,monet,0
407:7974,407:8036,407:7910,monet,0
407:7974,407:8036,407:7751,monet,0
407:7974,407:8026,407:7815,monet,0
407:7974,407:8026,407:7910,monet,0
407:7974,407:8026,407:7751,monet,0
407:7974,407:8032,407:7815,monet,0
407:7974,407:8032,407:7910,monet,0
407:7974,407:8032,407:7751,monet,0
407:7974,407:8033,407:7815,monet,0
407:7974,407:8033,407:7910,monet,0
407:7974,407:8033,407:7751,monet,0
407:7974,407:8027,407:7815,monet,0
407:7974,407:8027,407:7910,monet,0
407:7974,407:8027,407:7751,monet,0
407:7974,407:8029,407:7815,monet,0
407:7974,407:8029,407:7910,monet,0
407:7974,407:8029,407:7751,monet,0
407:7974,407:8031,407:7815,monet,0
407:7974,407:8031,407:7910,monet,0
407:7974,407:8031,407:7751,monet,0
407:7974,407:8030,407:7815,monet,0
407:7974,407:8030,407:7910,monet,0
407:7974,407:8030,407:7751,monet,0
407:7974,407:8028,407:7815,monet,0
407:7974,407:8028,407:7910,monet,0
407:7974,407:8028,407:7751,monet,0
407:7974,407:8018,407:7815,monet,0
407:7974,407:8018,407:7910,monet,0
407:7974,407:8018,407:7751,monet,0
407:7974,407:8019,407:7815,monet,0
407:7974,407:8019,407:7910,monet,0
407:7974,407:8019,407:7751,monet,0
407:7974,407:8021,407:7815,monet,0
407:7974,407:8021,407:7910,monet,0
407:7974,407:8021,407:7751,monet,0
407:7974,407:8023,407:7815,monet,0
407:7974,407:8023,407:7910,monet,0
407:7974,407:8023,407:7751,monet,0
407:7974,407:8022,407:7815,monet,0
407:7974,407:8022,407:7910,monet,0
407:7974,407:8022,407:7751,monet,0
407:7974,407:8020,407:7815,monet,0
407:7974,407:8020,407:7910,monet,0
407:7974,407:8020,407:7751,monet,0
407:7974,407:8008,407:7815,monet,0
407:7974,407:8008,407:7910,monet,0
407:7974,407:8008,407:7751,monet,0
407:7974,407:8009,407:7815,monet,0
407:7974,407:8009,407:7910,monet,0
407:7974,407:8009,407:7751,monet,0
407:7974,407:8013,407:7815,monet,0
407:7974,407:8013,407:7910,monet,0
407:7974,407:8013,407:7751,monet,0
407:7974,407:8015,407:7815,monet,0
407:7974,407:8015,407:7910,monet,0
407:7974,407:8015,407:7751,monet,0
407:7974,407:8014,407:7815,monet,0
407:7974,407:8014,407:7910,monet,0
407:7974,407:8014,407:7751,monet,0
407:7974,407:8010,407:7815,monet,0
407:7974,407:8010,407:7910,monet,0
407:7974,407:8010,407:7751,monet,0
407:7974,407:8012,407:7815,monet,0
407:7974,407:8012,407:7910,monet,0
407:7974,407:8012,407:7751,monet,0
407:7974,407:8000,407:7815,monet,0
407:7974,407:8000,407:7910,monet,0
407:7974,407:8000,407:7751,monet,0
407:7974,407:8001,407:7815,monet,0
407:7974,407:8001,407:7910,monet,0
407:7974,407:8001,407:7751,monet,0
407:7974,407:8003,407:7815,monet,0
407:7974,407:8003,407:7910,monet,0
407:7974,407:8003,407:7751,monet,0
407:7974,407:8005,407:7815,monet,0
407:7974,407:8005,407:7910,monet,0
407:7974,407:8005,407:7751,monet,0
407:7974,407:8004,407:7815,monet,0
407:7974,407:8004,407:7910,monet,0
407:7974,407:8004,407:7751,monet,0
407:7974,407:8002,407:7815,monet,0
407:7974,407:8002,407:7910,monet,0
407:7974,407:8002,407:7751,monet,0
407:7974,407:7992,407:7815,monet,0
407:7974,407:7992,407:7910,monet,0
407:7974,407:7992,407:7751,monet,0
407:7974,407:7993,407:7815,monet,0
407:7974,407:7993,407:7910,monet,0
407:7974,407:7993,407:7751,monet,0
407:7974,407:7995,407:7815,monet,0
407:7974,407:7995,407:7910,monet,0
407:7974,407:7995,407:7751,monet,0
407:7974,407:7997,407:7815,monet,0
407:7974,407:7997,407:7910,monet,0
407:7974,407:7997,407:7751,monet,0
407:7974,407:7996,407:7815,monet,0
407:7974,407:7996,407:7910,monet,0
407:7974,407:7996,407:7751,monet,0
407:7974,407:7994,407:7815,monet,0
407:7974,407:7994,407:7910,monet,0
407:7974,407:7994,407:7751,monet,0
407:7815,407:7816,407:7974,monet,0
407:7815,407:7816,407:7910,monet,0
407:7815,407:7816,407:7751,monet,0
407:7815,407:7821,407:7974,monet,0
407:7815,407:7821,407:7910,monet,0
407:7815,407:7821,407:7751,monet,0
407:7815,407:7822,407:7974,monet,0
407:7815,407:7822,407:7910,monet,0
407:7815,407:7822,407:7751,monet,0
407:7815,407:7820,407:7974,monet,0
407:7815,407:7820,407:7910,monet,0
407:7815,407:7820,407:7751,monet,0
407:7815,407:7817,407:7974,monet,0
407:7815,407:7817,407:7910,monet,1
407:7815,407:7817,407:7910,monet,0
407:7815,407:7817,407:7751,monet,0
407:7815,407:7818,407:7974,monet,0
407:7815,407:7818,407:7910,monet,0
407:7815,407:7818,407:7751,monet,0
407:7815,407:7819,407:7974,monet,0
407:7815,407:7819,407:7910,monet,0
407:7815,407:7819,407:7751,monet,0
407:7815,407:7901,407:7974,monet,0
407:7815,407:7901,407:7910,monet,0
407:7815,407:7901,407:7751,monet,0
407:7815,407:7902,407:7974,monet,0
407:7815,407:7902,407:7910,monet,0
407:7815,407:7902,407:7751,monet,0
407:7815,407:7907,407:7974,monet,0
407:7815,407:7907,407:7910,monet,0
407:7815,407:7907,407:7751,monet,0
407:7815,407:7903,407:7974,monet,0
407:7815,407:7903,407:7910,monet,0
407:7815,407:7903,407:7751,monet,0
407:7815,407:7904,407:7974,monet,0
407:7815,407:7904,407:7910,monet,0
407:7815,407:7904,407:7751,monet,0
407:7815,407:7906,407:7974,monet,0
407:7815,407:7906,407:7910,monet,0
407:7815,407:7906,407:7751,monet,0
407:7815,407:7905,407:7974,monet,0
407:7815,407:7905,407:7910,monet,0
407:7815,407:7905,407:7751,monet,0
407:7815,407:7893,407:7974,monet,0
407:7815,407:7893,407:7910,monet,0
407:7815,407:7893,407:7751,monet,0
407:7815,407:7894,407:7974,monet,0
407:7815,407:7894,407:7910,monet,0
407:7815,407:7894,407:7751,monet,0
407:7815,407:7898,407:7974,monet,0
407:7815,407:7898,407:7910,monet,0
407:7815,407:7898,407:7751,monet,0
407:7815,407:7895,407:7974,monet,0
407:7815,407:7895,407:7910,monet,0
407:7815,407:7895,407:7751,monet,0
407:7815,407:7896,407:7974,monet,0
407:7815,407:7896,407:7910,monet,0
407:7815,407:7896,407:7751,monet,0
407:7815,407:7897,407:7974,monet,0
407:7815,407:7897,407:7910,monet,0
407:7815,407:7897,407:7751,monet,0
407:7815,407:7883,407:7974,monet,0
407:7815,407:7883,407:7910,monet,0
407:7815,407:7883,407:7751,monet,0
407:7815,407:7884,407:7974,monet,0
407:7815,407:7884,407:7910,monet,0
407:7815,407:7884,407:7751,monet,0
407:7815,407:7890,407:7974,monet,0
407:7815,407:7890,407:7910,monet,0
407:7815,407:7890,407:7751,monet,0
407:7815,407:7885,407:7974,monet,0
407:7815,407:7885,407:7910,monet,0
407:7815,407:7885,407:7751,monet,0
407:7815,407:7886,407:7974,monet,0
407:7815,407:7886,407:7910,monet,0
407:7815,407:7886,407:7751,monet,0
407:7815,407:7889,407:7974,monet,0
407:7815,407:7889,407:7910,monet,0
407:7815,407:7889,407:7751,monet,0
407:7815,407:7888,407:7974,monet,0
407:7815,407:7888,407:7910,monet,0
407:7815,407:7888,407:7751,monet,0
407:7815,407:7887,407:7974,monet,0
407:7815,407:7887,407:7910,monet,0
407:7815,407:7887,407:7751,monet,0
407:7815,407:7874,407:7974,monet,0
407:7815,407:7874,407:7910,monet,0
407:7815,407:7874,407:7751,monet,0
407:7815,407:7875,407:7974,monet,0
407:7815,407:7875,407:7910,monet,0
407:7815,407:7875,407:7751,monet,0
407:7815,407:7880,407:7974,monet,0
407:7815,407:7880,407:7910,monet,0
407:7815,407:7880,407:7751,monet,0
407:7815,407:7876,407:7974,monet,0
407:7815,407:7876,407:7910,monet,0
407:7815,407:7876,407:7751,monet,0
407:7815,407:7877,407:7974,monet,0
407:7815,407:7877,407:7910,monet,0
407:7815,407:7877,407:7751,monet,0
407:7815,407:7879,407:7974,monet,0
407:7815,407:7879,407:7910,monet,0
407:7815,407:7879,407:7751,monet,0
407:7815,407:7878,407:7974,monet,0
407:7815,407:7878,407:7910,monet,0
407:7815,407:7878,407:7751,monet,0
407:7815,407:7865,407:7974,monet,0
407:7815,407:7865,407:7910,monet,0
407:7815,407:7865,407:7751,monet,0
407:7815,407:7866,407:7974,monet,0
407:7815,407:7866,407:7910,monet,0
407:7815,407:7866,407:7751,monet,0
407:7815,407:7871,407:7974,monet,0
407:7815,407:7871,407:7910,monet,0
407:7815,407:7871,407:7751,monet,0
407:7815,407:7867,407:7974,monet,0
407:7815,407:7867,407:7910,monet,0
407:7815,407:7867,407:7751,monet,0
407:7815,407:7868,407:7974,monet,0
407:7815,407:7868,407:7910,monet,0
407:7815,407:7868,407:7751,monet,0
407:7815,407:7870,407:7974,monet,0
407:7815,407:7870,407:7910,monet,0
407:7815,407:7870,407:7751,monet,0
407:7815,407:7869,407:7974,monet,0
407:7815,407:7869,407:7910,monet,0
407:7815,407:7869,407:7751,monet,0
407:7815,407:7853,407:7974,monet,0
407:7815,407:7853,407:7910,monet,1
407:7815,407:7853,407:7910,monet,0
407:7815,407:7853,407:7751,monet,0
407:7815,407:7854,407:7974,monet,0
407:7815,407:7854,407:7910,monet,0
407:7815,407:7854,407:7751,monet,0
407:7815,407:7862,407:7974,monet,0
407:7815,407:7862,407:7910,monet,0
407:7815,407:7862,407:7751,monet,0
407:7815,407:7855,407:7974,monet,0
407:7815,407:7855,407:7910,monet,0
407:7815,407:7855,407:7751,monet,0
407:7815,407:7856,407:7974,monet,0
407:7815,407:7856,407:7910,monet,0
407:7815,407:7856,407:7751,monet,0
407:7815,407:7861,407:7974,monet,0
407:7815,407:7861,407:7910,monet,0
407:7815,407:7861,407:7751,monet,0
407:7815,407:7860,407:7974,monet,0
407:7815,407:7860,407:7910,monet,0
407:7815,407:7860,407:7751,monet,0
407:7815,407:7859,407:7974,monet,0
407:7815,407:7859,407:7910,monet,0
407:7815,407:7859,407:7751,monet,0
407:7815,407:7858,407:7974,monet,0
407:7815,407:7858,407:7910,monet,0
407:7815,407:7858,407:7751,monet,0
407:7815,407:7857,407:7974,monet,0
407:7815,407:7857,407:7910,monet,0
407:7815,407:7857,407:7751,monet,0
407:7815,407:7844,407:7974,monet,0
407:7815,407:7844,407:7910,monet,0
407:7815,407:7844,407:7751,monet,0
407:7815,407:7845,407:7974,monet,0
407:7815,407:7845,407:7910,monet,0
407:7815,407:7845,407:7751,monet,0
407:7815,407:7850,407:7974,monet,0
407:7815,407:7850,407:7910,monet,0
407:7815,407:7850,407:7751,monet,0
407:7815,407:7846,407:7974,monet,0
407:7815,407:7846,407:7910,monet,0
407:7815,407:7846,407:7751,monet,0
407:7815,407:7847,407:7974,monet,0
407:7815,407:7847,407:7910,monet,0
407:7815,407:7847,407:7751,monet,0
407:7815,407:7849,407:7974,monet,0
407:7815,407:7849,407:7910,monet,0
407:7815,407:7849,407:7751,monet,0
407:7815,407:7848,407:7974,monet,0
407:7815,407:7848,407:7910,monet,0
407:7815,407:7848,407:7751,monet,0
407:7815,407:7835,407:7974,monet,0
407:7815,407:7835,407:7910,monet,0
407:7815,407:7835,407:7751,monet,0
407:7815,407:7836,407:7974,monet,0
407:7815,407:7836,407:7910,monet,0
407:7815,407:7836,407:7751,monet,0
407:7815,407:7841,407:7974,monet,0
407:7815,407:7841,407:7910,monet,0
407:7815,407:7841,407:7751,monet,0
407:7815,407:7837,407:7974,monet,0
407:7815,407:7837,407:7910,monet,0
407:7815,407:7837,407:7751,monet,0
407:7815,407:7838,407:7974,monet,0
407:7815,407:7838,407:7910,monet,0
407:7815,407:7838,407:7751,monet,0
407:7815,407:7840,407:7974,monet,0
407:7815,407:7840,407:7910,monet,0
407:7815,407:7840,407:7751,monet,0
407:7815,407:7839,407:7974,monet,0
407:7815,407:7839,407:7910,monet,0
407:7815,407:7839,407:7751,monet,0
407:7815,407:7823,407:7974,monet,0
407:7815,407:7823,407:7910,monet,0
407:7815,407:7823,407:7751,monet,0
407:7815,407:7824,407:7974,monet,0
407:7815,407:7824,407:7910,monet,0
407:7815,407:7824,407:7751,monet,0
407:7815,407:7832,407:7974,monet,0
407:7815,407:7832,407:7910,monet,0
407:7815,407:7832,407:7751,monet,0
407:7815,407:7825,407:7974,monet,0
407:7815,407:7825,407:7910,monet,0
407:7815,407:7825,407:7751,monet,0
407:7815,407:7826,407:7974,monet,0
407:7815,407:7826,407:7910,monet,0
407:7815,407:7826,407:7751,monet,0
407:7815,407:7831,407:7974,monet,0
407:7815,407:7831,407:7910,monet,0
407:7815,407:7831,407:7751,monet,0
407:7815,407:7830,407:7974,monet,0
407:7815,407:7830,407:7910,monet,0
407:7815,407:7830,407:7751,monet,0
407:7815,407:7829,407:7974,monet,0
407:7815,407:7829,407:7910,monet,0
407:7815,407:7829,407:7751,monet,0
407:7815,407:7828,407:7974,monet,0
407:7815,407:7828,407:7910,monet,0
407:7815,407:7828,407:7751,monet,0
407:7815,407:7827,407:7974,monet,0
407:7815,407:7827,407:7910,monet,0
407:7815,407:7827,407:7751,monet,0
407:7910,407:7911,407:7974,monet,0
407:7910,407:7911,407:7815,monet,0
407:7910,407:7911,407:7751,monet,0
407:7910,407:7921,407:7974,monet,0
407:7910,407:7921,407:7815,monet,0
407:7910,407:7921,407:7751,monet,0
407:7910,407:7928,407:7974,monet,0
407:7910,407:7928,407:7815,monet,0
407:7910,407:7928,407:7751,monet,0
407:7910,407:7929,407:7974,monet,0
407:7910,407:7929,407:7815,monet,0
407:7910,407:7929,407:7751,monet,0
407:7910,407:7930,407:7974,monet,0
407:7910,407:7930,407:7815,monet,0
407:7910,407:7930,407:7751,monet,0
407:7910,407:7935,407:7974,monet,0
407:7910,407:7935,407:7815,monet,0
407:7910,407:7935,407:7751,monet,0
407:7910,407:7936,407:7974,monet,0
407:7910,407:7936,407:7815,monet,0
407:7910,407:7936,407:7751,monet,0
407:7910,407:7916,407:7974,monet,0
407:7910,407:7916,407:7815,monet,0
407:7910,407:7916,407:7751,monet,0
407:7910,407:7917,407:7974,monet,0
407:7910,407:7917,407:7815,monet,0
407:7910,407:7917,407:7751,monet,0
407:7910,407:7920,407:7974,monet,0
407:7910,407:7920,407:7815,monet,0
407:7910,407:7920,407:7751,monet,0
407:7910,407:7919,407:7974,monet,0
407:7910,407:7919,407:7815,monet,0
407:7910,407:7919,407:7751,monet,0
407:7910,407:7918,407:7974,monet,0
407:7910,407:7918,407:7815,monet,0
407:7910,407:7918,407:7751,monet,0
407:7910,407:7915,407:7974,monet,0
407:7910,407:7915,407:7815,monet,0
407:7910,407:7915,407:7751,monet,0
407:7910,407:7912,407:7974,monet,0
407:7910,407:7912,407:7815,monet,0
407:7910,407:7912,407:7751,monet,1
407:7910,407:7912,407:7751,monet,0
407:7910,407:7913,407:7974,monet,0
407:7910,407:7913,407:7815,monet,0
407:7910,407:7913,407:7751,monet,0
407:7910,407:7914,407:7974,monet,0
407:7910,407:7914,407:7815,monet,0
407:7910,407:7914,407:7751,monet,0
407:7910,407:7925,407:7974,monet,0
407:7910,407:7925,407:7815,monet,0
407:7910,407:7925,407:7751,monet,0
407:7910,407:7927,407:7974,monet,0
407:7910,407:7927,407:7815,monet,0
407:7910,407:7927,407:7751,monet,0
407:7910,407:7926,407:7974,monet,0
407:7910,407:7926,407:7815,monet,0
407:7910,407:7926,407:7751,monet,0
407:7910,407:7922,407:7974,monet,0
407:7910,407:7922,407:7815,monet,0
407:7910,407:7922,407:7751,monet,0
407:7910,407:7924,407:7974,monet,0
407:7910,407:7924,407:7815,monet,0
407:7910,407:7924,407:7751,monet,0
407:7910,407:7923,407:7974,monet,0
407:7910,407:7923,407:7815,monet,0
407:7910,407:7923,407:7751,monet,0
407:7910,407:7933,407:7974,monet,0
407:7910,407:7933,407:7815,monet,0
407:7910,407:7933,407:7751,monet,0
407:7910,407:7934,407:7974,monet,0
407:7910,407:7934,407:7815,monet,0
407:7910,407:7934,407:7751,monet,0
407:7910,407:7931,407:7974,monet,0
407:7910,407:7931,407:7815,monet,0
407:7910,407:7931,407:7751,monet,0
407:7910,407:7932,407:7974,monet,0
407:7910,407:7932,407:7815,monet,0
407:7910,407:7932,407:7751,monet,0
407:7910,407:7964,407:7974,monet,0
407:7910,407:7964,407:7815,monet,0
407:7910,407:7964,407:7751,monet,0
407:7910,407:7965,407:7974,monet,0
407:7910,407:7965,407:7815,monet,0
407:7910,407:7965,407:7751,monet,0
407:7910,407:7969,407:7974,monet,0
407:7910,407:7969,407:7815,monet,0
407:7910,407:7969,407:7751,monet,0
407:7910,407:7971,407:7974,monet,0
407:7910,407:7971,407:7815,monet,0
407:7910,407:7971,407:7751,monet,0
407:7910,407:7970,407:7974,monet,0
407:7910,407:7970,407:7815,monet,0
407:7910,407:7970,407:7751,monet,0
407:7910,407:7966,407:7974,monet,0
407:7910,407:7966,407:7815,monet,0
407:7910,407:7966,407:7751,monet,0
407:7910,407:7967,407:7974,monet,0
407:7910,407:7967,407:7815,monet,0
407:7910,407:7967,407:7751,monet,0
407:7910,407:7968,407:7974,monet,0
407:7910,407:7968,407:7815,monet,0
407:7910,407:7968,407:7751,monet,0
407:7910,407:7951,407:7974,monet,0
407:7910,407:7951,407:7815,monet,0
407:7910,407:7951,407:7751,monet,0
407:7910,407:7952,407:7974,monet,0
407:7910,407:7952,407:7815,monet,0
407:7910,407:7952,407:7751,monet,0
407:7910,407:7959,407:7974,monet,0
407:7910,407:7959,407:7815,monet,0
407:7910,407:7959,407:7751,monet,0
407:7910,407:7961,407:7974,monet,0
407:7910,407:7961,407:7815,monet,0
407:7910,407:7961,407:7751,monet,0
407:7910,407:7960,407:7974,monet,0
407:7910,407:7960,407:7815,monet,0
407:7910,407:7960,407:7751,monet,0
407:7910,407:7953,407:7974,monet,0
407:7910,407:7953,407:7815,monet,0
407:7910,407:7953,407:7751,monet,0
407:7910,407:7954,407:7974,monet,0
407:7910,407:7954,407:7815,monet,0
407:7910,407:7954,407:7751,monet,0
407:7910,407:7958,407:7974,monet,0
407:7910,407:7958,407:7815,monet,0
407:7910,407:7958,407:7751,monet,0
407:7910,407:7957,407:7974,monet,0
407:7910,407:7957,407:7815,monet,0
407:7910,407:7957,407:7751,monet,0
407:7910,407:7956,407:7974,monet,0
407:7910,407:7956,407:7815,monet,0
407:7910,407:7956,407:7751,monet,0
407:7910,407:7955,407:7974,monet,0
407:7910,407:7955,407:7815,monet,0
407:7910,407:7955,407:7751,monet,0
407:7910,407:7937,407:7974,monet,0
407:7910,407:7937,407:7815,monet,1
407:7910,407:7937,407:7815,monet,0
407:7910,407:7937,407:7751,monet,0
407:7910,407:7949,407:7974,monet,0
407:7910,407:7949,407:7815,monet,0
407:7910,407:7949,407:7751,monet,0
407:7910,407:7950,407:7974,monet,0
407:7910,407:7950,407:7815,monet,0
407:7910,407:7950,407:7751,monet,0
407:7910,407:7938,407:7974,monet,0
407:7910,407:7938,407:7815,monet,0
407:7910,407:7938,407:7751,monet,0
407:7910,407:7946,407:7974,monet,0
407:7910,407:7946,407:7815,monet,0
407:7910,407:7946,407:7751,monet,0
407:7910,407:7948,407:7974,monet,0
407:7910,407:7948,407:7815,monet,0
407:7910,407:7948,407:7751,monet,0
407:7910,407:7947,407:7974,monet,0
407:7910,407:7947,407:7815,monet,0
407:7910,407:7947,407:7751,monet,0
407:7910,407:7939,407:7974,monet,0
407:7910,407:7939,407:7815,monet,0
407:7910,407:7939,407:7751,monet,0
407:7910,407:7940,407:7974,monet,0
407:7910,407:7940,407:7815,monet,0
407:7910,407:7940,407:7751,monet,0
407:7910,407:7945,407:7974,monet,0
407:7910,407:7945,407:7815,monet,0
407:7910,407:7945,407:7751,monet,0
407:7910,407:7944,407:7974,monet,0
407:7910,407:7944,407:7815,monet,0
407:7910,407:7944,407:7751,monet,0
407:7910,407:7943,407:7974,monet,0
407:7910,407:7943,407:7815,monet,0
407:7910,407:7943,407:7751,monet,0
407:7910,407:7942,407:7974,monet,0
407:7910,407:7942,407:7815,monet,0
407:7910,407:7942,407:7751,monet,0
407:7910,407:7941,407:7974,monet,0
407:7910,407:7941,407:7815,monet,0
407:7910,407:7941,407:7751,monet,0
407:7751,407:7752,407:7974,monet,0
407:7751,407:7752,407:7815,monet,0
407:7751,407:7752,407:7910,monet,0
407:7751,407:7757,407:7974,monet,0
407:7751,407:7757,407:7815,monet,0
407:7751,407:7757,407:7910,monet,0
407:7751,407:7758,407:7974,monet,0
407:7751,407:7758,407:7815,monet,0
407:7751,407:7758,407:7910,monet,0
407:7751,407:7759,407:7974,monet,0
407:7751,407:7759,407:7815,monet,0
407:7751,407:7759,407:7910,monet,0
407:7751,407:7761,407:7974,monet,0
407:7751,407:7761,407:7815,monet,0
407:7751,407:7761,407:7910,monet,0
407:7751,407:7775,407:7974,monet,0
407:7751,407:7775,407:7815,monet,0
407:7751,407:7775,407:7910,monet,0
407:7751,407:7786,407:7974,monet,0
407:7751,407:7786,407:7815,monet,0
407:7751,407:7786,407:7910,monet,0
407:7751,407:7756,407:7974,monet,0
407:7751,407:7756,407:7815,monet,0
407:7751,407:7756,407:7910,monet,0
407:7751,407:7755,407:7974,monet,0
407:7751,407:7755,407:7815,monet,0
407:7751,407:7755,407:7910,monet,0
407:7751,407:7754,407:7974,monet,0
407:7751,407:7754,407:7815,monet,0
407:7751,407:7754,407:7910,monet,0
407:7751,407:7760,407:7974,monet,0
407:7751,407:7760,407:7815,monet,0
407:7751,407:7760,407:7910,monet,0
407:7751,407:7767,407:7974,monet,0
407:7751,407:7767,407:7815,monet,0
407:7751,407:7767,407:7910,monet,0
407:7751,407:7769,407:7974,monet,0
407:7751,407:7769,407:7815,monet,0
407:7751,407:7769,407:7910,monet,0
407:7751,407:7772,407:7974,monet,0
407:7751,407:7772,407:7815,monet,0
407:7751,407:7772,407:7910,monet,0
407:7751,407:7771,407:7974,monet,0
407:7751,407:7771,407:7815,monet,0
407:7751,407:7771,407:7910,monet,0
407:7751,407:7770,407:7974,monet,0
407:7751,407:7770,407:7815,monet,0
407:7751,407:7770,407:7910,monet,0
407:7751,407:7768,407:7974,monet,0
407:7751,407:7768,407:7815,monet,0
407:7751,407:7768,407:7910,monet,0
407:7751,407:7762,407:7974,monet,0
407:7751,407:7762,407:7815,monet,0
407:7751,407:7762,407:7910,monet,0
407:7751,407:7764,407:7974,monet,0
407:7751,407:7764,407:7815,monet,0
407:7751,407:7764,407:7910,monet,0
407:7751,407:7766,407:7974,monet,0
407:7751,407:7766,407:7815,monet,0
407:7751,407:7766,407:7910,monet,0
407:7751,407:7765,407:7974,monet,0
407:7751,407:7765,407:7815,monet,0
407:7751,407:7765,407:7910,monet,0
407:7751,407:7763,407:7974,monet,0
407:7751,407:7763,407:7815,monet,0
407:7751,407:7763,407:7910,monet,0
407:7751,407:7781,407:7974,monet,1
407:7751,407:7781,407:7974,monet,0
407:7751,407:7781,407:7815,monet,0
407:7751,407:7781,407:7910,monet,0
407:7751,407:7785,407:7974,monet,0
407:7751,407:7785,407:7815,monet,0
407:7751,407:7785,407:7910,monet,0
407:7751,407:7782,407:7974,monet,0
407:7751,407:7782,407:7815,monet,0
407:7751,407:7782,407:7910,monet,0
407:7751,407:7784,407:7974,monet,0
407:7751,407:7784,407:7815,monet,0
407:7751,407:7784,407:7910,monet,0
407:7751,407:7783,407:7974,monet,0
407:7751,407:7783,407:7815,monet,0
407:7751,407:7783,407:7910,monet,0
407:7751,407:7776,407:7974,monet,0
407:7751,407:7776,407:7815,monet,0
407:7751,407:7776,407:7910,monet,0
407:7751,407:7780,407:7974,monet,0
407:7751,407:7780,407:7815,monet,0
407:7751,407:7780,407:7910,monet,0
407:7751,407:7777,407:7974,monet,0
407:7751,407:7777,407:7815,monet,0
407:7751,407:7777,407:7910,monet,0
407:7751,407:7779,407:7974,monet,0
407:7751,407:7779,407:7815,monet,0
407:7751,407:7779,407:7910,monet,0
407:7751,407:7778,407:7974,monet,0
407:7751,407:7778,407:7815,monet,0
407:7751,407:7778,407:7910,monet,0
407:7751,407:7808,407:7974,monet,0
407:7751,407:7808,407:7815,monet,0
407:7751,407:7808,407:7910,monet,0
407:7751,407:7814,407:7974,monet,0
407:7751,407:7814,407:7815,monet,0
407:7751,407:7814,407:7910,monet,0
407:7751,407:7809,407:7974,monet,0
407:7751,407:7809,407:7815,monet,0
407:7751,407:7809,407:7910,monet,0
407:7751,407:7811,407:7974,monet,0
407:7751,407:7811,407:7815,monet,0
407:7751,407:7811,407:7910,monet,0
407:7751,407:7813,407:7974,monet,0
407:7751,407:7813,407:7815,monet,0
407:7751,407:7813,407:7910,monet,0
407:7751,407:7812,407:7974,monet,0
407:7751,407:7812,407:7815,monet,0
407:7751,407:7812,407:7910,monet,0
407:7751,407:7810,407:7974,monet,0
407:7751,407:7810,407:7815,monet,0
407:7751,407:7810,407:7910,monet,0
407:7751,407:7801,407:7974,monet,0
407:7751,407:7801,407:7815,monet,0
407:7751,407:7801,407:7910,monet,0
407:7751,407:7807,407:7974,monet,0
407:7751,407:7807,407:7815,monet,0
407:7751,407:7807,407:7910,monet,0
407:7751,407:7802,407:7974,monet,0
407:7751,407:7802,407:7815,monet,0
407:7751,407:7802,407:7910,monet,0
407:7751,407:7804,407:7974,monet,0
407:7751,407:7804,407:7815,monet,0
407:7751,407:7804,407:7910,monet,0
407:7751,407:7806,407:7974,monet,0
407:7751,407:7806,407:7815,monet,0
407:7751,407:7806,407:7910,monet,0
407:7751,407:7805,407:7974,monet,0
407:7751,407:7805,407:7815,monet,0
407:7751,407:7805,407:7910,monet,0
407:7751,407:7803,407:7974,monet,0
407:7751,407:7803,407:7815,monet,0
407:7751,407:7803,407:7910,monet,0
407:7751,407:7794,407:7974,monet,0
407:7751,407:7794,407:7815,monet,0
407:7751,407:7794,407:7910,monet,0
407:7751,407:7800,407:7974,monet,0
407:7751,407:7800,407:7815,monet,0
407:7751,407:7800,407:7910,monet,0
407:7751,407:7795,407:7974,monet,0
407:7751,407:7795,407:7815,monet,0
407:7751,407:7795,407:7910,monet,0
407:7751,407:7797,407:7974,monet,0
407:7751,407:7797,407:7815,monet,0
407:7751,407:7797,407:7910,monet,0
407:7751,407:7799,407:7974,monet,0
407:7751,407:7799,407:7815,monet,0
407:7751,407:7799,407:7910,monet,0
407:7751,407:7798,407:7974,monet,0
407:7751,407:7798,407:7815,monet,0
407:7751,407:7798,407:7910,monet,0
407:7751,407:7796,407:7974,monet,0
407:7751,407:7796,407:7815,monet,0
407:7751,407:7796,407:7910,monet,0
407:7751,407:7787,407:7974,monet,0
407:7751,407:7787,407:7815,monet,0
407:7751,407:7787,407:7910,monet,1
407:7751,407:7787,407:7910,monet,0
407:7751,407:7793,407:7974,monet,0
407:7751,407:7793,407:7815,monet,0
407:7751,407:7793,407:7910,monet,0
407:7751,407:7788,407:7974,monet,0
407:7751,407:7788,407:7815,monet,0
407:7751,407:7788,407:7910,monet,0
407:7751,407:7790,407:7974,monet,0
407:7751,407:7790,407:7815,monet,0
407:7751,407:7790,407:7910,monet,0
407:7751,407:7792,407:7974,monet,0
407:7751,407:7792,407:7815,monet,0
407:7751,407:7792,407:7910,monet,0
407:7751,407:7791,407:7974,monet,0
407:7751,407:7791,407:7815,monet,0
407:7751,407:7791,407:7910,monet,0
407:7751,407:7789,407:7974,monet,0
407:7751,407:7789,407:7815,monet,0
407:7751,407:7789,407:7910,monet,0
407:7419,407:7420,407:7305,jet,0
407:7419,407:7420,407:7379,jet,0
407:7419,407:7420,407:7202,jet,0
407:7419,407:7421,407:7305,jet,0
407:7419,407:7421,407:7379,jet,0
407:7419,407:7421,407:7202,jet,0
407:7419,407:7422,407:7305,jet,0
407:7419,407:7422,407:7379,jet,0
407:7419,407:7422,407:7202,jet,0
407:7419,407:7423,407:7305,jet,0
407:7419,407:7423,407:7379,jet,0
407:7419,407:7423,407:7202,jet,0
407:7419,407:7426,407:7305,jet,0
407:7419,407:7426,407:7379,jet,1
407:7419,407:7426,407:7379,jet,0
407:7419,407:7426,407:7202,jet,0
407:7419,407:7429,407:7305,jet,0
407:7419,407:7429,407:7379,jet,0
407:7419,407:7429,407:7202,jet,0
407:7419,407:7432,407:7305,jet,0
407:7419,407:7432,407:7379,jet,0
407:7419,407:7432,407:7202,jet,0
407:7419,407:7435,407:7305,jet,0
407:7419,407:7435,407:7379,jet,0
407:7419,407:7435,407:7202,jet,0
407:7419,407:7436,407:7305,jet,0
407:7419,407:7436,407:7379,jet,0
407:7419,407:7436,407:7202,jet,0
407:7419,407:7437,407:7305,jet,0
407:7419,407:7437,407:7379,jet,0
407:7419,407:7437,407:7202,jet,0
407:7419,407:7441,407:7305,jet,0
407:7419,407:7441,407:7379,jet,0
407:7419,407:7441,407:7202,jet,0
407:7419,407:7425,407:7305,jet,0
407:7419,407:7425,407:7379,jet,0
407:7419,407:7425,407:7202,jet,0
407:7419,407:7424,407:7305,jet,0
407:7419,407:7424,407:7379,jet,0
407:7419,407:7424,407:7202,jet,0
407:7419,407:7428,407:7305,jet,0
407:7419,407:7428,407:7379,jet,0
407:7419,407:7428,407:7202,jet,0
407:7419,407:7427,407:7305,jet,0
407:7419,407:7427,407:7379,jet,0
407:7419,407:7427,407:7202,jet,0
407:7419,407:7431,407:7305,jet,0
407:7419,407:7431,407:7379,jet,0
407:7419,407:7431,407:7202,jet,0
407:7419,407:7430,407:7305,jet,0
407:7419,407:7430,407:7379,jet,0
407:7419,407:7430,407:7202,jet,0
407:7419,407:7434,407:7305,jet,0
407:7419,407:7434,407:7379,jet,0
407:7419,407:7434,407:7202,jet,0
407:7419,407:7433,407:7305,jet,0
407:7419,407:7433,407:7379,jet,0
407:7419,407:7433,407:7202,jet,0
407:7419,407:7438,407:7305,jet,0
407:7419,407:7438,407:7379,jet,0
407:7419,407:7438,407:7202,jet,0
407:7419,407:7440,407:7305,jet,0
407:7419,407:7440,407:7379,jet,0
407:7419,407:7440,407:7202,jet,0
407:7419,407:7439,407:7305,jet,0
407:7419,407:7439,407:7379,jet,0
407:7419,407:7439,407:7202,jet,0
407:7419,407:7444,407:7305,jet,0
407:7419,407:7444,407:7379,jet,0
407:7419,407:7444,407:7202,jet,0
407:7419,407:7442,407:7305,jet,0
407:7419,407:7442,407:7379,jet,0
407:7419,407:7442,407:7202,jet,0
407:7419,407:7443,407:7305,jet,0
407:7419,407:7443,407:7379,jet,0
407:7419,407:7443,407:7202,jet,0
407:7305,407:7306,407:7419,jet,0
407:7305,407:7306,407:7379,jet,0
407:7305,407:7306,407:7202,jet,0
407:7305,407:7318,407:7419,jet,0
407:7305,407:7318,407:7379,jet,0
407:7305,407:7318,407:7202,jet,0
407:7305,407:7319,407:7419,jet,0
407:7305,407:7319,407:7379,jet,0
407:7305,407:7319,407:7202,jet,1
407:7305,407:7319,407:7202,jet,0
407:7305,407:7320,407:7419,jet,0
407:7305,407:7320,407:7379,jet,0
407:7305,407:7320,407:7202,jet,0
407:7305,407:7321,407:7419,jet,0
407:7305,407:7321,407:7379,jet,0
407:7305,407:7321,407:7202,jet,0
407:7305,407:7326,407:7419,jet,0
407:7305,407:7326,407:7379,jet,0
407:7305,407:7326,407:7202,jet,0
407:7305,407:7307,407:7419,jet,0
407:7305,407:7307,407:7379,jet,0
407:7305,407:7307,407:7202,jet,0
407:7305,407:7309,407:7419,jet,0
407:7305,407:7309,407:7379,jet,0
407:7305,407:7309,407:7202,jet,0
407:7305,407:7315,407:7419,jet,0
407:7305,407:7315,407:7379,jet,0
407:7305,407:7315,407:7202,jet,0
407:7305,407:7317,407:7419,jet,0
407:7305,407:7317,407:7379,jet,0
407:7305,407:7317,407:7202,jet,0
407:7305,407:7316,407:7419,jet,0
407:7305,407:7316,407:7379,jet,0
407:7305,407:7316,407:7202,jet,0
407:7305,407:7311,407:7419,jet,0
407:7305,407:7311,407:7379,jet,0
407:7305,407:7311,407:7202,jet,0
407:7305,407:7314,407:7419,jet,0
407:7305,407:7314,407:7379,jet,0
407:7305,407:7314,407:7202,jet,0
407:7305,407:7313,407:7419,jet,0
407:7305,407:7313,407:7379,jet,0
407:7305,407:7313,407:7202,jet,0
407:7305,407:7312,407:7419,jet,0
407:7305,407:7312,407:7379,jet,0
407:7305,407:7312,407:7202,jet,0
407:7305,407:7310,407:7419,jet,0
407:7305,407:7310,407:7379,jet,0
407:7305,407:7310,407:7202,jet,0
407:7305,407:7308,407:7419,jet,0
407:7305,407:7308,407:7379,jet,0
407:7305,407:7308,407:7202,jet,0
407:7305,407:7325,407:7419,jet,0
407:7305,407:7325,407:7379,jet,0
407:7305,407:7325,407:7202,jet,0
407:7305,407:7322,407:7419,jet,0
407:7305,407:7322,407:7379,jet,0
407:7305,407:7322,407:7202,jet,0
407:7305,407:7324,407:7419,jet,0
407:7305,407:7324,407:7379,jet,0
407:7305,407:7324,407:7202,jet,0
407:7305,407:7323,407:7419,jet,0
407:7305,407:7323,407:7379,jet,0
407:7305,407:7323,407:7202,jet,0
407:7305,407:7371,407:7419,jet,0
407:7305,407:7371,407:7379,jet,0
407:7305,407:7371,407:7202,jet,0
407:7305,407:7373,407:7419,jet,0
407:7305,407:7373,407:7379,jet,0
407:7305,407:7373,407:7202,jet,0
407:7305,407:7374,407:7419,jet,0
407:7305,407:7374,407:7379,jet,0
407:7305,407:7374,407:7202,jet,0
407:7305,407:7376,407:7419,jet,0
407:7305,407:7376,407:7379,jet,0
407:7305,407:7376,407:7202,jet,0
407:7305,407:7378,407:7419,jet,0
407:7305,407:7378,407:7379,jet,0
407:7305,407:7378,407:7202,jet,0
407:7305,407:7377,407:7419,jet,0
407:7305,407:7377,407:7379,jet,0
407:7305,407:7377,407:7202,jet,0
407:7305,407:7375,407:7419,jet,0
407:7305,407:7375,407:7379,jet,0
407:7305,407:7375,407:7202,jet,0
407:7305,407:7372,407:7419,jet,0
407:7305,407:7372,407:7379,jet,0
407:7305,407:7372,407:7202,jet,0
407:7305,407:7363,407:7419,jet,0
407:7305,407:7363,407:7379,jet,0
407:7305,407:7363,407:7202,jet,0
407:7305,407:7365,407:7419,jet,0
407:7305,407:7365,407:7379,jet,0
407:7305,407:7365,407:7202,jet,0
407:7305,407:7366,407:7419,jet,0
407:7305,407:7366,407:7379,jet,0
407:7305,407:7366,407:7202,jet,0
407:7305,407:7368,407:7419,jet,0
407:7305,407:7368,407:7379,jet,0
407:7305,407:7368,407:7202,jet,0
407:7305,407:7370,407:7419,jet,0
407:7305,407:7370,407:7379,jet,0
407:7305,407:7370,407:7202,jet,0
407:7305,407:7369,407:7419,jet,0
407:7305,407:7369,407:7379,jet,0
407:7305,407:7369,407:7202,jet,0
407:7305,407:7367,407:7419,jet,0
407:7305,407:7367,407:7379,jet,0
407:7305,407:7367,407:7202,jet,0
407:7305,407:7364,407:7419,jet,0
407:7305,407:7364,407:7379,jet,0
407:7305,407:7364,407:7202,jet,0
407:7305,407:7345,407:7419,jet,0
407:7305,407:7345,407:7379,jet,0
407:7305,407:7345,407:7202,jet,0
407:7305,407:7347,407:7419,jet,0
407:7305,407:7347,407:7379,jet,0
407:7305,407:7347,407:7202,jet,0
407:7305,407:7358,407:7419,jet,0
407:7305,407:7358,407:7379,jet,0
407:7305,407:7358,407:7202,jet,0
407:7305,407:7360,407:7419,jet,0
407:7305,407:7360,407:7379,jet,0
407:7305,407:7360,407:7202,jet,0
407:7305,407:7362,407:7419,jet,0
407:7305,407:7362,407:7379,jet,0
407:7305,407:7362,407:7202,jet,0
407:7305,407:7361,407:7419,jet,0
407:7305,407:7361,407:7379,jet,0
407:7305,407:7361,407:7202,jet,0
407:7305,407:7359,407:7419,jet,0
407:7305,407:7359,407:7379,jet,0
407:7305,407:7359,407:7202,jet,0
407:7305,407:7353,407:7419,jet,0
407:7305,407:7353,407:7379,jet,0
407:7305,407:7353,407:7202,jet,0
407:7305,407:7355,407:7419,jet,0
407:7305,407:7355,407:7379,jet,0
407:7305,407:7355,407:7202,jet,0
407:7305,407:7357,407:7419,jet,0
407:7305,407:7357,407:7379,jet,0
407:7305,407:7357,407:7202,jet,0
407:7305,407:7356,407:7419,jet,0
407:7305,407:7356,407:7379,jet,0
407:7305,407:7356,407:7202,jet,0
407:7305,407:7354,407:7419,jet,0
407:7305,407:7354,407:7379,jet,0
407:7305,407:7354,407:7202,jet,0
407:7305,407:7348,407:7419,jet,0
407:7305,407:7348,407:7379,jet,0
407:7305,407:7348,407:7202,jet,0
407:7305,407:7350,407:7419,jet,0
407:7305,407:7350,407:7379,jet,0
407:7305,407:7350,407:7202,jet,0
407:7305,407:7352,407:7419,jet,0
407:7305,407:7352,407:7379,jet,0
407:7305,407:7352,407:7202,jet,0
407:7305,407:7351,407:7419,jet,0
407:7305,407:7351,407:7379,jet,0
407:7305,407:7351,407:7202,jet,0
407:7305,407:7349,407:7419,jet,0
407:7305,407:7349,407:7379,jet,0
407:7305,407:7349,407:7202,jet,0
407:7305,407:7346,407:7419,jet,0
407:7305,407:7346,407:7379,jet,0
407:7305,407:7346,407:7202,jet,0
407:7305,407:7337,407:7419,jet,0
407:7305,407:7337,407:7379,jet,0
407:7305,407:7337,407:7202,jet,0
407:7305,407:7339,407:7419,jet,0
407:7305,407:7339,407:7379,jet,0
407:7305,407:7339,407:7202,jet,0
407:7305,407:7340,407:7419,jet,0
407:7305,407:7340,407:7379,jet,0
407:7305,407:7340,407:7202,jet,0
407:7305,407:7342,407:7419,jet,0
407:7305,407:7342,407:7379,jet,0
407:7305,407:7342,407:7202,jet,0
407:7305,407:7344,407:7419,jet,0
407:7305,407:7344,407:7379,jet,0
407:7305,407:7344,407:7202,jet,0
407:7305,407:7343,407:7419,jet,0
407:7305,407:7343,407:7379,jet,0
407:7305,407:7343,407:7202,jet,0
407:7305,407:7341,407:7419,jet,0
407:7305,407:7341,407:7379,jet,0
407:7305,407:7341,407:7202,jet,0
407:7305,407:7338,407:7419,jet,0
407:7305,407:7338,407:7379,jet,0
407:7305,407:7338,407:7202,jet,0
407:7305,407:7327,407:7419,jet,0
407:7305,407:7327,407:7379,jet,0
407:7305,407:7327,407:7202,jet,0
407:7305,407:7329,407:7419,jet,0
407:7305,407:7329,407:7379,jet,0
407:7305,407:7329,407:7202,jet,0
407:7305,407:7330,407:7419,jet,0
407:7305,407:7330,407:7379,jet,0
407:7305,407:7330,407:7202,jet,0
407:7305,407:7334,407:7419,jet,0
407:7305,407:7334,407:7379,jet,0
407:7305,407:7334,407:7202,jet,0
407:7305,407:7336,407:7419,jet,0
407:7305,407:7336,407:7379,jet,0
407:7305,407:7336,407:7202,jet,0
407:7305,407:7335,407:7419,jet,0
407:7305,407:7335,407:7379,jet,0
407:7305,407:7335,407:7202,jet,0
407:7305,407:7331,407:7419,jet,0
407:7305,407:7331,407:7379,jet,0
407:7305,407:7331,407:7202,jet,0
407:7305,407:7333,407:7419,jet,0
407:7305,407:7333,407:7379,jet,0
407:7305,407:7333,407:7202,jet,0
407:7305,407:7328,407:7419,jet,0
407:7305,407:7328,407:7379,jet,0
407:7305,407:7328,407:7202,jet,0
407:7379,407:7380,407:7419,jet,0
407:7379,407:7380,407:7305,jet,0
407:7379,407:7380,407:7202,jet,0
407:7379,407:7389,407:7419,jet,0
407:7379,407:7389,407:7305,jet,0
407:7379,407:7389,407:7202,jet,0
407:7379,407:7394,407:7419,jet,0
407:7379,407:7394,407:7305,jet,0
407:7379,407:7394,407:7202,jet,0
407:7379,407:7399,407:7419,jet,0
407:7379,407:7399,407:7305,jet,0
407:7379,407:7399,407:7202,jet,0
407:7379,407:7404,407:7419,jet,0
407:7379,407:7404,407:7305,jet,0
407:7379,407:7404,407:7202,jet,0
407:7379,407:7405,407:7419,jet,0
407:7379,407:7405,407:7305,jet,0
407:7379,407:7405,407:7202,jet,0
407:7379,407:7406,407:7419,jet,0
407:7379,407:7406,407:7305,jet,0
407:7379,407:7406,407:7202,jet,0
407:7379,407:7416,407:7419,jet,1
407:7379,407:7416,407:7419,jet,0
407:7379,407:7416,407:7305,jet,0
407:7379,407:7416,407:7202,jet,0
407:7379,407:7382,407:7419,jet,0
407:7379,407:7382,407:7305,jet,0
407:7379,407:7382,407:7202,jet,0
407:7379,407:7386,407:7419,jet,0
407:7379,407:7386,407:7305,jet,0
407:7379,407:7386,407:7202,jet,1
407:7379,407:7386,407:7202,jet,0
407:7379,407:7388,407:7419,jet,0
407:7379,407:7388,407:7305,jet,0
407:7379,407:7388,407:7202,jet,0
407:7379,407:7387,407:7419,jet,0
407:7379,407:7387,407:7305,jet,0
407:7379,407:7387,407:7202,jet,0
407:7379,407:7383,407:7419,jet,1
407:7379,407:7383,407:7419,jet,0
407:7379,407:7383,407:7305,jet,0
407:7379,407:7383,407:7202,jet,0
407:7379,407:7385,407:7419,jet,0
407:7379,407:7385,407:7305,jet,0
407:7379,407:7385,407:7202,jet,0
407:7379,407:7384,407:7419,jet,0
407:7379,407:7384,407:7305,jet,0
407:7379,407:7384,407:7202,jet,0
407:7379,407:7381,407:7419,jet,0
407:7379,407:7381,407:7305,jet,0
407:7379,407:7381,407:7202,jet,0
407:7379,407:7393,407:7419,jet,0
407:7379,407:7393,407:7305,jet,0
407:7379,407:7393,407:7202,jet,0
407:7379,407:7390,407:7419,jet,0
407:7379,407:7390,407:7305,jet,0
407:7379,407:7390,407:7202,jet,0
407:7379,407:7398,407:7419,jet,0
407:7379,407:7398,407:7305,jet,0
407:7379,407:7398,407:7202,jet,0
407:7379,407:7395,407:7419,jet,0
407:7379,407:7395,407:7305,jet,0
407:7379,407:7395,407:7202,jet,0
407:7379,407:7403,407:7419,jet,0
407:7379,407:7403,407:7305,jet,0
407:7379,407:7403,407:7202,jet,0
407:7379,407:7400,407:7419,jet,0
407:7379,407:7400,407:7305,jet,0
407:7379,407:7400,407:7202,jet,0
407:7379,407:7408,407:7419,jet,0
407:7379,407:7408,407:7305,jet,0
407:7379,407:7408,407:7202,jet,0
407:7379,407:7414,407:7419,jet,0
407:7379,407:7414,407:7305,jet,0
407:7379,407:7414,407:7202,jet,0
407:7379,407:7415,407:7419,jet,0
407:7379,407:7415,407:7305,jet,0
407:7379,407:7415,407:7202,jet,0
407:7379,407:7409,407:7419,jet,0
407:7379,407:7409,407:7305,jet,0
407:7379,407:7409,407:7202,jet,0
407:7379,407:7413,407:7419,jet,0
407:7379,407:7413,407:7305,jet,0
407:7379,407:7413,407:7202,jet,0
407:7379,407:7412,407:7419,jet,0
407:7379,407:7412,407:7305,jet,0
407:7379,407:7412,407:7202,jet,0
407:7379,407:7411,407:7419,jet,0
407:7379,407:7411,407:7305,jet,0
407:7379,407:7411,407:7202,jet,0
407:7379,407:7410,407:7419,jet,0
407:7379,407:7410,407:7305,jet,0
407:7379,407:7410,407:7202,jet,0
407:7379,407:7407,407:7419,jet,0
407:7379,407:7407,407:7305,jet,0
407:7379,407:7407,407:7202,jet,0
407:7379,407:7418,407:7419,jet,0
407:7379,407:7418,407:7305,jet,0
407:7379,407:7418,407:7202,jet,0
407:7202,407:7203,407:7419,jet,0
407:7202,407:7203,407:7305,jet,0
407:7202,407:7203,407:7379,jet,0
407:7202,407:7214,407:7419,jet,0
407:7202,407:7214,407:7305,jet,0
407:7202,407:7214,407:7379,jet,0
407:7202,407:7298,407:7419,jet,0
407:7202,407:7298,407:7305,jet,0
407:7202,407:7298,407:7379,jet,0
407:7202,407:7300,407:7419,jet,0
407:7202,407:7300,407:7305,jet,1
407:7202,407:7300,407:7305,jet,0
407:7202,407:7300,407:7379,jet,0
407:7202,407:7303,407:7419,jet,0
407:7202,407:7303,407:7305,jet,0
407:7202,407:7303,407:7379,jet,0
407:7202,407:7205,407:7419,jet,0
407:7202,407:7205,407:7305,jet,0
407:7202,407:7205,407:7379,jet,0
407:7202,407:7211,407:7419,jet,0
407:7202,407:7211,407:7305,jet,0
407:7202,407:7211,407:7379,jet,0
407:7202,407:7213,407:7419,jet,0
407:7202,407:7213,407:7305,jet,0
407:7202,407:7213,407:7379,jet,0
407:7202,407:7212,407:7419,jet,0
407:7202,407:7212,407:7305,jet,0
407:7202,407:7212,407:7379,jet,0
407:7202,407:7207,407:7419,jet,0
407:7202,407:7207,407:7305,jet,0
407:7202,407:7207,407:7379,jet,0
407:7202,407:7210,407:7419,jet,0
407:7202,407:7210,407:7305,jet,0
407:7202,407:7210,407:7379,jet,0
407:7202,407:7209,407:7419,jet,0
407:7202,407:7209,407:7305,jet,0
407:7202,407:7209,407:7379,jet,0
407:7202,407:7208,407:7419,jet,0
407:7202,407:7208,407:7305,jet,0
407:7202,407:7208,407:7379,jet,0
407:7202,407:7206,407:7419,jet,0
407:7202,407:7206,407:7305,jet,0
407:7202,407:7206,407:7379,jet,0
407:7202,407:7204,407:7419,jet,0
407:7202,407:7204,407:7305,jet,0
407:7202,407:7204,407:7379,jet,0
407:7202,407:7287,407:7419,jet,0
407:7202,407:7287,407:7305,jet,0
407:7202,407:7287,407:7379,jet,0
407:7202,407:7297,407:7419,jet,0
407:7202,407:7297,407:7305,jet,0
407:7202,407:7297,407:7379,jet,0
407:7202,407:7288,407:7419,jet,0
407:7202,407:7288,407:7305,jet,0
407:7202,407:7288,407:7379,jet,0
407:7202,407:7290,407:7419,jet,0
407:7202,407:7290,407:7305,jet,0
407:7202,407:7290,407:7379,jet,0
407:7202,407:7292,407:7419,jet,0
407:7202,407:7292,407:7305,jet,0
407:7202,407:7292,407:7379,jet,0
407:7202,407:7296,407:7419,jet,0
407:7202,407:7296,407:7305,jet,0
407:7202,407:7296,407:7379,jet,0
407:7202,407:7293,407:7419,jet,0
407:7202,407:7293,407:7305,jet,0
407:7202,407:7293,407:7379,jet,0
407:7202,407:7295,407:7419,jet,0
407:7202,407:7295,407:7305,jet,0
407:7202,407:7295,407:7379,jet,0
407:7202,407:7294,407:7419,jet,0
407:7202,407:7294,407:7305,jet,0
407:7202,407:7294,407:7379,jet,0
407:7202,407:7291,407:7419,jet,0
407:7202,407:7291,407:7305,jet,0
407:7202,407:7291,407:7379,jet,0
407:7202,407:7289,407:7419,jet,0
407:7202,407:7289,407:7305,jet,0
407:7202,407:7289,407:7379,jet,0
407:7202,407:7286,407:7419,jet,0
407:7202,407:7286,407:7305,jet,0
407:7202,407:7286,407:7379,jet,0
407:7202,407:7277,407:7419,jet,0
407:7202,407:7277,407:7305,jet,0
407:7202,407:7277,407:7379,jet,0
407:7202,407:7285,407:7419,jet,0
407:7202,407:7285,407:7305,jet,0
407:7202,407:7285,407:7379,jet,0
407:7202,407:7278,407:7419,jet,0
407:7202,407:7278,407:7305,jet,0
407:7202,407:7278,407:7379,jet,0
407:7202,407:7280,407:7419,jet,0
407:7202,407:7280,407:7305,jet,0
407:7202,407:7280,407:7379,jet,0
407:7202,407:7282,407:7419,jet,0
407:7202,407:7282,407:7305,jet,0
407:7202,407:7282,407:7379,jet,0
407:7202,407:7284,407:7419,jet,0
407:7202,407:7284,407:7305,jet,0
407:7202,407:7284,407:7379,jet,0
407:7202,407:7283,407:7419,jet,0
407:7202,407:7283,407:7305,jet,0
407:7202,407:7283,407:7379,jet,0
407:7202,407:7281,407:7419,jet,0
407:7202,407:7281,407:7305,jet,0
407:7202,407:7281,407:7379,jet,0
407:7202,407:7279,407:7419,jet,0
407:7202,407:7279,407:7305,jet,0
407:7202,407:7279,407:7379,jet,0
407:7202,407:7276,407:7419,jet,0
407:7202,407:7276,407:7305,jet,0
407:7202,407:7276,407:7379,jet,0
407:7202,407:7266,407:7419,jet,0
407:7202,407:7266,407:7305,jet,0
407:7202,407:7266,407:7379,jet,0
407:7202,407:7275,407:7419,jet,0
407:7202,407:7275,407:7305,jet,0
407:7202,407:7275,407:7379,jet,0
407:7202,407:7267,407:7419,jet,0
407:7202,407:7267,407:7305,jet,0
407:7202,407:7267,407:7379,jet,0
407:7202,407:7269,407:7419,jet,0
407:7202,407:7269,407:7305,jet,0
407:7202,407:7269,407:7379,jet,0
407:7202,407:7271,407:7419,jet,0
407:7202,407:7271,407:7305,jet,0
407:7202,407:7271,407:7379,jet,0
407:7202,407:7274,407:7419,jet,0
407:7202,407:7274,407:7305,jet,0
407:7202,407:7274,407:7379,jet,0
407:7202,407:7272,407:7419,jet,0
407:7202,407:7272,407:7305,jet,0
407:7202,407:7272,407:7379,jet,0
407:7202,407:7273,407:7419,jet,0
407:7202,407:7273,407:7305,jet,0
407:7202,407:7273,407:7379,jet,0
407:7202,407:7270,407:7419,jet,0
407:7202,407:7270,407:7305,jet,0
407:7202,407:7270,407:7379,jet,0
407:7202,407:7268,407:7419,jet,0
407:7202,407:7268,407:7305,jet,0
407:7202,407:7268,407:7379,jet,0
407:7202,407:7265,407:7419,jet,0
407:7202,407:7265,407:7305,jet,0
407:7202,407:7265,407:7379,jet,0
407:7202,407:7255,407:7419,jet,0
407:7202,407:7255,407:7305,jet,0
407:7202,407:7255,407:7379,jet,0
407:7202,407:7264,407:7419,jet,0
407:7202,407:7264,407:7305,jet,0
407:7202,407:7264,407:7379,jet,0
407:7202,407:7256,407:7419,jet,0
407:7202,407:7256,407:7305,jet,0
407:7202,407:7256,407:7379,jet,0
407:7202,407:7258,407:7419,jet,0
407:7202,407:7258,407:7305,jet,0
407:7202,407:7258,407:7379,jet,0
407:7202,407:7260,407:7419,jet,0
407:7202,407:7260,407:7305,jet,0
407:7202,407:7260,407:7379,jet,0
407:7202,407:7263,407:7419,jet,0
407:7202,407:7263,407:7305,jet,0
407:7202,407:7263,407:7379,jet,0
407:7202,407:7259,407:7419,jet,0
407:7202,407:7259,407:7305,jet,0
407:7202,407:7259,407:7379,jet,0
407:7202,407:7257,407:7419,jet,0
407:7202,407:7257,407:7305,jet,0
407:7202,407:7257,407:7379,jet,0
407:7202,407:7254,407:7419,jet,0
407:7202,407:7254,407:7305,jet,0
407:7202,407:7254,407:7379,jet,0
407:7202,407:7244,407:7419,jet,0
407:7202,407:7244,407:7305,jet,0
407:7202,407:7244,407:7379,jet,0
407:7202,407:7253,407:7419,jet,0
407:7202,407:7253,407:7305,jet,0
407:7202,407:7253,407:7379,jet,0
407:7202,407:7245,407:7419,jet,0
407:7202,407:7245,407:7305,jet,0
407:7202,407:7245,407:7379,jet,0
407:7202,407:7247,407:7419,jet,0
407:7202,407:7247,407:7305,jet,0
407:7202,407:7247,407:7379,jet,0
407:7202,407:7249,407:7419,jet,0
407:7202,407:7249,407:7305,jet,0
407:7202,407:7249,407:7379,jet,0
407:7202,407:7252,407:7419,jet,0
407:7202,407:7252,407:7305,jet,0
407:7202,407:7252,407:7379,jet,0
407:7202,407:7248,407:7419,jet,0
407:7202,407:7248,407:7305,jet,0
407:7202,407:7248,407:7379,jet,0
407:7202,407:7246,407:7419,jet,0
407:7202,407:7246,407:7305,jet,0
407:7202,407:7246,407:7379,jet,0
407:7202,407:7243,407:7419,jet,0
407:7202,407:7243,407:7305,jet,0
407:7202,407:7243,407:7379,jet,0
407:7202,407:7231,407:7419,jet,0
407:7202,407:7231,407:7305,jet,0
407:7202,407:7231,407:7379,jet,1
407:7202,407:7231,407:7379,jet,0
407:7202,407:7242,407:7419,jet,0
407:7202,407:7242,407:7305,jet,0
407:7202,407:7242,407:7379,jet,0
407:7202,407:7232,407:7419,jet,0
407:7202,407:7232,407:7305,jet,0
407:7202,407:7232,407:7379,jet,0
407:7202,407:7236,407:7419,jet,0
407:7202,407:7236,407:7305,jet,0
407:7202,407:7236,407:7379,jet,0
407:7202,407:7238,407:7419,jet,0
407:7202,407:7238,407:7305,jet,0
407:7202,407:7238,407:7379,jet,0
407:7202,407:7241,407:7419,jet,0
407:7202,407:7241,407:7305,jet,0
407:7202,407:7241,407:7379,jet,0
407:7202,407:7239,407:7419,jet,0
407:7202,407:7239,407:7305,jet,0
407:7202,407:7239,407:7379,jet,0
407:7202,407:7240,407:7419,jet,0
407:7202,407:7240,407:7305,jet,0
407:7202,407:7240,407:7379,jet,0
407:7202,407:7237,407:7419,jet,0
407:7202,407:7237,407:7305,jet,0
407:7202,407:7237,407:7379,jet,0
407:7202,407:7233,407:7419,jet,0
407:7202,407:7233,407:7305,jet,0
407:7202,407:7233,407:7379,jet,0
407:7202,407:7235,407:7419,jet,0
407:7202,407:7235,407:7305,jet,0
407:7202,407:7235,407:7379,jet,0
407:7202,407:7230,407:7419,jet,0
407:7202,407:7230,407:7305,jet,0
407:7202,407:7230,407:7379,jet,0
407:7202,407:7223,407:7419,jet,0
407:7202,407:7223,407:7305,jet,0
407:7202,407:7223,407:7379,jet,0
407:7202,407:7229,407:7419,jet,0
407:7202,407:7229,407:7305,jet,0
407:7202,407:7229,407:7379,jet,0
407:7202,407:7224,407:7419,jet,0
407:7202,407:7224,407:7305,jet,0
407:7202,407:7224,407:7379,jet,0
407:7202,407:7226,407:7419,jet,0
407:7202,407:7226,407:7305,jet,0
407:7202,407:7226,407:7379,jet,0
407:7202,407:7228,407:7419,jet,0
407:7202,407:7228,407:7305,jet,0
407:7202,407:7228,407:7379,jet,0
407:7202,407:7227,407:7419,jet,0
407:7202,407:7227,407:7305,jet,0
407:7202,407:7227,407:7379,jet,0
407:7202,407:7225,407:7419,jet,0
407:7202,407:7225,407:7305,jet,0
407:7202,407:7225,407:7379,jet,0
407:7202,407:7222,407:7419,jet,0
407:7202,407:7222,407:7305,jet,0
407:7202,407:7222,407:7379,jet,0
407:7202,407:7215,407:7419,jet,0
407:7202,407:7215,407:7305,jet,0
407:7202,407:7215,407:7379,jet,0
407:7202,407:7221,407:7419,jet,0
407:7202,407:7221,407:7305,jet,0
407:7202,407:7221,407:7379,jet,0
407:7202,407:7216,407:7419,jet,0
407:7202,407:7216,407:7305,jet,0
407:7202,407:7216,407:7379,jet,0
407:7202,407:7218,407:7419,jet,0
407:7202,407:7218,407:7305,jet,0
407:7202,407:7218,407:7379,jet,0
407:7202,407:7220,407:7419,jet,0
407:7202,407:7220,407:7305,jet,0
407:7202,407:7220,407:7379,jet,0
407:7202,407:7219,407:7419,jet,0
407:7202,407:7219,407:7305,jet,0
407:7202,407:7219,407:7379,jet,0
407:7202,407:7217,407:7419,jet,0
407:7202,407:7217,407:7305,jet,0
407:7202,407:7217,407:7379,jet,0
407:7202,407:7299,407:7419,jet,0
407:7202,407:7299,407:7305,jet,0
407:7202,407:7299,407:7379,jet,0
407:7202,407:7301,407:7419,jet,0
407:7202,407:7301,407:7305,jet,0
407:7202,407:7301,407:7379,jet,0
407:7202,407:7302,407:7419,jet,0
407:7202,407:7302,407:7305,jet,0
407:7202,407:7302,407:7379,jet,0
407:7202,407:7304,407:7419,jet,0
407:7202,407:7304,407:7305,jet,0
407:7202,407:7304,407:7379,jet,0
407:6908,407:6909,407:6815,atlas,0
407:6908,407:6909,407:6868,atlas,0
407:6908,407:6909,407:6755,atlas,0
407:6908,407:6928,407:6815,atlas,0
407:6908,407:6928,407:6868,atlas,0
407:6908,407:6928,407:6755,atlas,0
407:6908,407:6948,407:6815,atlas,0
407:6908,407:6948,407:6868,atlas,0
407:6908,407:6948,407:6755,atlas,0
407:6908,407:6949,407:6815,atlas,0
407:6908,407:6949,407:6868,atlas,0
407:6908,407:6949,407:6755,atlas,0
407:6908,407:6951,407:6815,atlas,0
407:6908,407:6951,407:6868,atlas,0
407:6908,407:6951,407:6755,atlas,0
407:6908,407:6911,407:6815,atlas,0
407:6908,407:6911,407:6868,atlas,0
407:6908,407:6911,407:6755,atlas,0
407:6908,407:6922,407:6815,atlas,0
407:6908,407:6922,407:6868,atlas,0
407:6908,407:6922,407:6755,atlas,0
407:6908,407:6927,407:6815,atlas,0
407:6908,407:6927,407:6868,atlas,0
407:6908,407:6927,407:6755,atlas,0
407:6908,407:6923,407:6815,atlas,0
407:6908,407:6923,407:6868,atlas,0
407:6908,407:6923,407:6755,atlas,0
407:6908,407:6926,407:6815,atlas,0
407:6908,407:6926,407:6868,atlas,0
407:6908,407:6926,407:6755,atlas,0
407:6908,407:6925,407:6815,atlas,0
407:6908,407:6925,407:6868,atlas,0
407:6908,407:6925,407:6755,atlas,0
407:6908,407:6924,407:6815,atlas,0
407:6908,407:6924,407:6868,atlas,0
407:6908,407:6924,407:6755,atlas,0
407:6908,407:6917,407:6815,atlas,1
407:6908,407:6917,407:6815,atlas,0
407:6908,407:6917,407:6868,atlas,0
407:6908,407:6917,407:6755,atlas,0
407:6908,407:6921,407:6815,atlas,0
407:6908,407:6921,407:6868,atlas,0
407:6908,407:6921,407:6755,atlas,0
407:6908,407:6918,407:6815,atlas,0
407:6908,407:6918,407:6868,atlas,0
407:6908,407:6918,407:6755,atlas,0
407:6908,407:6920,407:6815,atlas,0
407:6908,407:6920,407:6868,atlas,0
407:6908,407:6920,407:6755,atlas,0
407:6908,407:6919,407:6815,atlas,0
407:6908,407:6919,407:6868,atlas,0
407:6908,407:6919,407:6755,atlas,0
407:6908,407:6912,407:6815,atlas,0
407:6908,407:6912,407:6868,atlas,0
407:6908,407:6912,407:6755,atlas,1
407:6908,407:6912,407:6755,atlas,0
407:6908,407:6916,407:6815,atlas,0
407:6908,407:6916,407:6868,atlas,0
407:6908,407:6916,407:6755,atlas,0
407:6908,407:6913,407:6815,atlas,0
407:6908,407:6913,407:6868,atlas,0
407:6908,407:6913,407:6755,atlas,0
407:6908,407:6915,407:6815,atlas,0
407:6908,407:6915,407:6868,atlas,0
407:6908,407:6915,407:6755,atlas,0
407:6908,407:6914,407:6815,atlas,0
407:6908,407:6914,407:6868,atlas,0
407:6908,407:6914,407:6755,atlas,0
407:6908,407:6910,407:6815,atlas,0
407:6908,407:6910,407:6868,atlas,0
407:6908,407:6910,407:6755,atlas,0
407:6908,407:6941,407:6815,atlas,0
407:6908,407:6941,407:6868,atlas,0
407:6908,407:6941,407:6755,atlas,0
407:6908,407:6945,407:6815,atlas,0
407:6908,407:6945,407:6868,atlas,0
407:6908,407:6945,407:6755,atlas,0
407:6908,407:6947,407:6815,atlas,0
407:6908,407:6947,407:6868,atlas,0
407:6908,407:6947,407:6755,atlas,0
407:6908,407:6946,407:6815,atlas,0
407:6908,407:6946,407:6868,atlas,0
407:6908,407:6946,407:6755,atlas,0
407:6908,407:6944,407:6815,atlas,0
407:6908,407:6944,407:6868,atlas,0
407:6908,407:6944,407:6755,atlas,0
407:6908,407:6942,407:6815,atlas,0
407:6908,407:6942,407:6868,atlas,0
407:6908,407:6942,407:6755,atlas,0
407:6908,407:6943,407:6815,atlas,0
407:6908,407:6943,407:6868,atlas,0
407:6908,407:6943,407:6755,atlas,0
407:6908,407:6935,407:6815,atlas,0
407:6908,407:6935,407:6868,atlas,0
407:6908,407:6935,407:6755,atlas,0
407:6908,407:6938,407:6815,atlas,0
407:6908,407:6938,407:6868,atlas,0
407:6908,407:6938,407:6755,atlas,0
407:6908,407:6940,407:6815,atlas,0
407:6908,407:6940,407:6868,atlas,0
407:6908,407:6940,407:6755,atlas,0
407:6908,407:6939,407:6815,atlas,0
407:6908,407:6939,407:6868,atlas,0
407:6908,407:6939,407:6755,atlas,0
407:6908,407:6937,407:6815,atlas,0
407:6908,407:6937,407:6868,atlas,0
407:6908,407:6937,407:6755,atlas,0
407:6908,407:6936,407:6815,atlas,0
407:6908,407:6936,407:6868,atlas,0
407:6908,407:6936,407:6755,atlas,0
407:6908,407:6929,407:6815,atlas,0
407:6908,407:6929,407:6868,atlas,0
407:6908,407:6929,407:6755,atlas,0
407:6908,407:6932,407:6815,atlas,0
407:6908,407:6932,407:6868,atlas,0
407:6908,407:6932,407:6755,atlas,0
407:6908,407:6934,407:6815,atlas,0
407:6908,407:6934,407:6868,atlas,0
407:6908,407:6934,407:6755,atlas,0
407:6908,407:6933,407:6815,atlas,0
407:6908,407:6933,407:6868,atlas,0
407:6908,407:6933,407:6755,atlas,0
407:6908,407:6931,407:6815,atlas,0
407:6908,407:6931,407:6868,atlas,0
407:6908,407:6931,407:6755,atlas,0
407:6908,407:6930,407:6815,atlas,0
407:6908,407:6930,407:6868,atlas,0
407:6908,407:6930,407:6755,atlas,0
407:6908,407:6950,407:6815,atlas,0
407:6908,407:6950,407:6868,atlas,0
407:6908,407:6950,407:6755,atlas,0
407:6815,407:6816,407:6908,atlas,0
407:6815,407:6816,407:6868,atlas,0
407:6815,407:6816,407:6755,atlas,0
407:6815,407:6835,407:6908,atlas,0
407:6815,407:6835,407:6868,atlas,0
407:6815,407:6835,407:6755,atlas,0
407:6815,407:6840,407:6908,atlas,0
407:6815,407:6840,407:6868,atlas,0
407:6815,407:6840,407:6755,atlas,0
407:6815,407:6841,407:6908,atlas,0
407:6815,407:6841,407:6868,atlas,0
407:6815,407:6841,407:6755,atlas,0
407:6815,407:6818,407:6908,atlas,0
407:6815,407:6818,407:6868,atlas,0
407:6815,407:6818,407:6755,atlas,0
407:6815,407:6829,407:6908,atlas,1
407:6815,407:6829,407:6908,atlas,0
407:6815,407:6829,407:6868,atlas,0
407:6815,407:6829,407:6755,atlas,0
407:6815,407:6834,407:6908,atlas,0
407:6815,407:6834,407:6868,atlas,0
407:6815,407:6834,407:6755,atlas,0
407:6815,407:6830,407:6908,atlas,0
407:6815,407:6830,407:6868,atlas,0
407:6815,407:6830,407:6755,atlas,0
407:6815,407:6833,407:6908,atlas,0
407:6815,407:6833,407:6868,atlas,0
407:6815,407:6833,407:6755,atlas,0
407:6815,407:6832,407:6908,atlas,0
407:6815,407:6832,407:6868,atlas,0
407:6815,407:6832,407:6755,atlas,0
407:6815,407:6831,407:6908,atlas,0
407:6815,407:6831,407:6868,atlas,0
407:6815,407:6831,407:6755,atlas,0
407:6815,407:6824,407:6908,atlas,0
407:6815,407:6824,407:6868,atlas,0
407:6815,407:6824,407:6755,atlas,0
407:6815,407:6828,407:6908,atlas,0
407:6815,407:6828,407:6868,atlas,0
407:6815,407:6828,407:6755,atlas,0
407:6815,407:6825,407:6908,atlas,0
407:6815,407:6825,407:6868,atlas,0
407:6815,407:6825,407:6755,atlas,0
407:6815,407:6827,407:6908,atlas,0
407:6815,407:6827,407:6868,atlas,0
407:6815,407:6827,407:6755,atlas,0
407:6815,407:6826,407:6908,atlas,0
407:6815,407:6826,407:6868,atlas,0
407:6815,407:6826,407:6755,atlas,0
407:6815,407:6819,407:6908,atlas,0
407:6815,407:6819,407:6868,atlas,0
407:6815,407:6819,407:6755,atlas,1
407:6815,407:6819,407:6755,atlas,0
407:6815,407:6823,407:6908,atlas,0
407:6815,407:6823,407:6868,atlas,0
407:6815,407:6823,407:6755,atlas,0
407:6815,407:6820,407:6908,atlas,0
407:6815,407:6820,407:6868,atlas,0
407:6815,407:6820,407:6755,atlas,0
407:6815,407:6822,407:6908,atlas,0
407:6815,407:6822,407:6868,atlas,0
407:6815,407:6822,407:6755,atlas,0
407:6815,407:6821,407:6908,atlas,0
407:6815,407:6821,407:6868,atlas,0
407:6815,407:6821,407:6755,atlas,0
407:6815,407:6817,407:6908,atlas,0
407:6815,407:6817,407:6868,atlas,0
407:6815,407:6817,407:6755,atlas,0
407:6815,407:6839,407:6908,atlas,0
407:6815,407:6839,407:6868,atlas,0
407:6815,407:6839,407:6755,atlas,0
407:6815,407:6836,407:6908,atlas,0
407:6815,407:6836,407:6868,atlas,0
407:6815,407:6836,407:6755,atlas,0
407:6815,407:6838,407:6908,atlas,0
407:6815,407:6838,407:6868,atlas,0
407:6815,407:6838,407:6755,atlas,0
407:6815,407:6837,407:6908,atlas,0
407:6815,407:6837,407:6868,atlas,0
407:6815,407:6837,407:6755,atlas,0
407:6815,407:6861,407:6908,atlas,0
407:6815,407:6861,407:6868,atlas,0
407:6815,407:6861,407:6755,atlas,0
407:6815,407:6865,407:6908,atlas,0
407:6815,407:6865,407:6868,atlas,0
407:6815,407:6865,407:6755,atlas,0
407:6815,407:6867,407:6908,atlas,0
407:6815,407:6867,407:6868,atlas,0
407:6815,407:6867,407:6755,atlas,0
407:6815,407:6866,407:6908,atlas,0
407:6815,407:6866,407:6868,atlas,0
407:6815,407:6866,407:6755,atlas,0
407:6815,407:6864,407:6908,atlas,0
407:6815,407:6864,407:6868,atlas,0
407:6815,407:6864,407:6755,atlas,0
407:6815,407:6862,407:6908,atlas,0
407:6815,407:6862,407:6868,atlas,0
407:6815,407:6862,407:6755,atlas,0
407:6815,407:6863,407:6908,atlas,0
407:6815,407:6863,407:6868,atlas,0
407:6815,407:6863,407:6755,atlas,0
407:6815,407:6855,407:6908,atlas,0
407:6815,407:6855,407:6868,atlas,0
407:6815,407:6855,407:6755,atlas,0
407:6815,407:6858,407:6908,atlas,0
407:6815,407:6858,407:6868,atlas,0
407:6815,407:6858,407:6755,atlas,0
407:6815,407:6860,407:6908,atlas,0
407:6815,407:6860,407:6868,atlas,0
407:6815,407:6860,407:6755,atlas,0
407:6815,407:6859,407:6908,atlas,0
407:6815,407:6859,407:6868,atlas,0
407:6815,407:6859,407:6755,atlas,0
407:6815,407:6857,407:6908,atlas,0
407:6815,407:6857,407:6868,atlas,0
407:6815,407:6857,407:6755,atlas,0
407:6815,407:6856,407:6908,atlas,0
407:6815,407:6856,407:6868,atlas,0
407:6815,407:6856,407:6755,atlas,0
407:6815,407:6848,407:6908,atlas,0
407:6815,407:6848,407:6868,atlas,0
407:6815,407:6848,407:6755,atlas,0
407:6815,407:6852,407:6908,atlas,0
407:6815,407:6852,407:6868,atlas,0
407:6815,407:6852,407:6755,atlas,0
407:6815,407:6854,407:6908,atlas,0
407:6815,407:6854,407:6868,atlas,0
407:6815,407:6854,407:6755,atlas,0
407:6815,407:6853,407:6908,atlas,0
407:6815,407:6853,407:6868,atlas,0
407:6815,407:6853,407:6755,atlas,0
407:6815,407:6851,407:6908,atlas,0
407:6815,407:6851,407:6868,atlas,0
407:6815,407:6851,407:6755,atlas,0
407:6815,407:6849,407:6908,atlas,0
407:6815,407:6849,407:6868,atlas,0
407:6815,407:6849,407:6755,atlas,0
407:6815,407:6850,407:6908,atlas,0
407:6815,407:6850,407:6868,atlas,0
407:6815,407:6850,407:6755,atlas,0
407:6815,407:6842,407:6908,atlas,0
407:6815,407:6842,407:6868,atlas,0
407:6815,407:6842,407:6755,atlas,0
407:6815,407:6845,407:6908,atlas,0
407:6815,407:6845,407:6868,atlas,0
407:6815,407:6845,407:6755,atlas,0
407:6815,407:6847,407:6908,atlas,0
407:6815,407:6847,407:6868,atlas,0
407:6815,407:6847,407:6755,atlas,0
407:6815,407:6846,407:6908,atlas,0
407:6815,407:6846,407:6868,atlas,0
407:6815,407:6846,407:6755,atlas,0
407:6815,407:6844,407:6908,atlas,0
407:6815,407:6844,407:6868,atlas,0
407:6815,407:6844,407:6755,atlas,0
407:6815,407:6843,407:6908,atlas,0
407:6815,407:6843,407:6868,atlas,0
407:6815,407:6843,407:6755,atlas,0
407:6868,407:6869,407:6908,atlas,0
407:6868,407:6869,407:6815,atlas,0
407:6868,407:6869,407:6755,atlas,0
407:6868,407:6874,407:6908,atlas,0
407:6868,407:6874,407:6815,atlas,0
407:6868,407:6874,407:6755,atlas,0
407:6868,407:6875,407:6908,atlas,0
407:6868,407:6875,407:6815,atlas,0
407:6868,407:6875,407:6755,atlas,0
407:6868,407:6876,407:6908,atlas,0
407:6868,407:6876,407:6815,atlas,0
407:6868,407:6876,407:6755,atlas,0
407:6868,407:6877,407:6908,atlas,0
407:6868,407:6877,407:6815,atlas,0
407:6868,407:6877,407:6755,atlas,0
407:6868,407:6890,407:6908,atlas,0
407:6868,407:6890,407:6815,atlas,0
407:6868,407:6890,407:6755,atlas,1
407:6868,407:6890,407:6755,atlas,0
407:6868,407:6894,407:6908,atlas,0
407:6868,407:6894,407:6815,atlas,0
407:6868,407:6894,407:6755,atlas,0
407:6868,407:6895,407:6908,atlas,0
407:6868,407:6895,407:6815,atlas,0
407:6868,407:6895,407:6755,atlas,0
407:6868,407:6905,407:6908,atlas,0
407:6868,407:6905,407:6815,atlas,0
407:6868,407:6905,407:6755,atlas,0
407:6868,407:6871,407:6908,atlas,0
407:6868,407:6871,407:6815,atlas,0
407:6868,407:6871,407:6755,atlas,0
407:6868,407:6873,407:6908,atlas,0
407:6868,407:6873,407:6815,atlas,0
407:6868,407:6873,407:6755,atlas,0
407:6868,407:6886,407:6908,atlas,0
407:6868,407:6886,407:6815,atlas,0
407:6868,407:6886,407:6755,atlas,0
407:6868,407:6889,407:6908,atlas,0
407:6868,407:6889,407:6815,atlas,0
407:6868,407:6889,407:6755,atlas,0
407:6868,407:6888,407:6908,atlas,0
407:6868,407:6888,407:6815,atlas,0
407:6868,407:6888,407:6755,atlas,0
407:6868,407:6887,407:6908,atlas,0
407:6868,407:6887,407:6815,atlas,0
407:6868,407:6887,407:6755,atlas,0
407:6868,407:6882,407:6908,atlas,0
407:6868,407:6882,407:6815,atlas,0
407:6868,407:6882,407:6755,atlas,0
407:6868,407:6885,407:6908,atlas,0
407:6868,407:6885,407:6815,atlas,0
407:6868,407:6885,407:6755,atlas,0
407:6868,407:6884,407:6908,atlas,0
407:6868,407:6884,407:6815,atlas,0
407:6868,407:6884,407:6755,atlas,0
407:6868,407:6883,407:6908,atlas,0
407:6868,407:6883,407:6815,atlas,0
407:6868,407:6883,407:6755,atlas,0
407:6868,407:6878,407:6908,atlas,0
407:6868,407:6878,407:6815,atlas,0
407:6868,407:6878,407:6755,atlas,0
407:6868,407:6881,407:6908,atlas,0
407:6868,407:6881,407:6815,atlas,0
407:6868,407:6881,407:6755,atlas,0
407:6868,407:6879,407:6908,atlas,0
407:6868,407:6879,407:6815,atlas,0
407:6868,407:6879,407:6755,atlas,0
407:6868,407:6880,407:6908,atlas,0
407:6868,407:6880,407:6815,atlas,0
407:6868,407:6880,407:6755,atlas,0
407:6868,407:6893,407:6908,atlas,0
407:6868,407:6893,407:6815,atlas,0
407:6868,407:6893,407:6755,atlas,0
407:6868,407:6892,407:6908,atlas,0
407:6868,407:6892,407:6815,atlas,0
407:6868,407:6892,407:6755,atlas,0
407:6868,407:6891,407:6908,atlas,0
407:6868,407:6891,407:6815,atlas,0
407:6868,407:6891,407:6755,atlas,0
407:6868,407:6902,407:6908,atlas,0
407:6868,407:6902,407:6815,atlas,0
407:6868,407:6902,407:6755,atlas,0
407:6868,407:6903,407:6908,atlas,0
407:6868,407:6903,407:6815,atlas,0
407:6868,407:6903,407:6755,atlas,0
407:6868,407:6899,407:6908,atlas,0
407:6868,407:6899,407:6815,atlas,0
407:6868,407:6899,407:6755,atlas,0
407:6868,407:6900,407:6908,atlas,0
407:6868,407:6900,407:6815,atlas,0
407:6868,407:6900,407:6755,atlas,0
407:6868,407:6896,407:6908,atlas,0
407:6868,407:6896,407:6815,atlas,0
407:6868,407:6896,407:6755,atlas,0
407:6868,407:6898,407:6908,atlas,0
407:6868,407:6898,407:6815,atlas,0
407:6868,407:6898,407:6755,atlas,0
407:6868,407:6897,407:6908,atlas,0
407:6868,407:6897,407:6815,atlas,0
407:6868,407:6897,407:6755,atlas,0
407:6868,407:6907,407:6908,atlas,0
407:6868,407:6907,407:6815,atlas,0
407:6868,407:6907,407:6755,atlas,0
407:6868,407:6906,407:6908,atlas,0
407:6868,407:6906,407:6815,atlas,0
407:6868,407:6906,407:6755,atlas,0
407:6755,407:6756,407:6908,atlas,0
407:6755,407:6756,407:6815,atlas,0
407:6755,407:6756,407:6868,atlas,0
407:6755,407:6762,407:6908,atlas,0
407:6755,407:6762,407:6815,atlas,0
407:6755,407:6762,407:6868,atlas,0
407:6755,407:6768,407:6908,atlas,0
407:6755,407:6768,407:6815,atlas,0
407:6755,407:6768,407:6868,atlas,0
407:6755,407:6791,407:6908,atlas,0
407:6755,407:6791,407:6815,atlas,0
407:6755,407:6791,407:6868,atlas,0
407:6755,407:6792,407:6908,atlas,0
407:6755,407:6792,407:6815,atlas,0
407:6755,407:6792,407:6868,atlas,0
407:6755,407:6796,407:6908,atlas,0
407:6755,407:6796,407:6815,atlas,0
407:6755,407:6796,407:6868,atlas,0
407:6755,407:6758,407:6908,atlas,0
407:6755,407:6758,407:6815,atlas,0
407:6755,407:6758,407:6868,atlas,0
407:6755,407:6761,407:6908,atlas,0
407:6755,407:6761,407:6815,atlas,0
407:6755,407:6761,407:6868,atlas,0
407:6755,407:6760,407:6908,atlas,0
407:6755,407:6760,407:6815,atlas,0
407:6755,407:6760,407:6868,atlas,0
407:6755,407:6764,407:6908,atlas,0
407:6755,407:6764,407:6815,atlas,0
407:6755,407:6764,407:6868,atlas,0
407:6755,407:6767,407:6908,atlas,0
407:6755,407:6767,407:6815,atlas,0
407:6755,407:6767,407:6868,atlas,0
407:6755,407:6766,407:6908,atlas,0
407:6755,407:6766,407:6815,atlas,0
407:6755,407:6766,407:6868,atlas,0
407:6755,407:6765,407:6908,atlas,0
407:6755,407:6765,407:6815,atlas,0
407:6755,407:6765,407:6868,atlas,0
407:6755,407:6763,407:6908,atlas,0
407:6755,407:6763,407:6815,atlas,0
407:6755,407:6763,407:6868,atlas,0
407:6755,407:6778,407:6908,atlas,0
407:6755,407:6778,407:6815,atlas,0
407:6755,407:6778,407:6868,atlas,0
407:6755,407:6787,407:6908,atlas,0
407:6755,407:6787,407:6815,atlas,0
407:6755,407:6787,407:6868,atlas,1
407:6755,407:6787,407:6868,atlas,0
407:6755,407:6790,407:6908,atlas,0
407:6755,407:6790,407:6815,atlas,0
407:6755,407:6790,407:6868,atlas,0
407:6755,407:6789,407:6908,atlas,0
407:6755,407:6789,407:6815,atlas,0
407:6755,407:6789,407:6868,atlas,0
407:6755,407:6788,407:6908,atlas,0
407:6755,407:6788,407:6815,atlas,0
407:6755,407:6788,407:6868,atlas,0
407:6755,407:6783,407:6908,atlas,0
407:6755,407:6783,407:6815,atlas,0
407:6755,407:6783,407:6868,atlas,0
407:6755,407:6786,407:6908,atlas,0
407:6755,407:6786,407:6815,atlas,0
407:6755,407:6786,407:6868,atlas,0
407:6755,407:6784,407:6908,atlas,0
407:6755,407:6784,407:6815,atlas,0
407:6755,407:6784,407:6868,atlas,0
407:6755,407:6785,407:6908,atlas,0
407:6755,407:6785,407:6815,atlas,0
407:6755,407:6785,407:6868,atlas,0
407:6755,407:6779,407:6908,atlas,0
407:6755,407:6779,407:6815,atlas,0
407:6755,407:6779,407:6868,atlas,0
407:6755,407:6782,407:6908,atlas,0
407:6755,407:6782,407:6815,atlas,0
407:6755,407:6782,407:6868,atlas,0
407:6755,407:6781,407:6908,atlas,0
407:6755,407:6781,407:6815,atlas,0
407:6755,407:6781,407:6868,atlas,0
407:6755,407:6780,407:6908,atlas,0
407:6755,407:6780,407:6815,atlas,0
407:6755,407:6780,407:6868,atlas,0
407:6755,407:6769,407:6908,atlas,0
407:6755,407:6769,407:6815,atlas,0
407:6755,407:6769,407:6868,atlas,0
407:6755,407:6772,407:6908,atlas,0
407:6755,407:6772,407:6815,atlas,0
407:6755,407:6772,407:6868,atlas,0
407:6755,407:6777,407:6908,atlas,0
407:6755,407:6777,407:6815,atlas,0
407:6755,407:6777,407:6868,atlas,0
407:6755,407:6776,407:6908,atlas,0
407:6755,407:6776,407:6815,atlas,0
407:6755,407:6776,407:6868,atlas,0
407:6755,407:6775,407:6908,atlas,0
407:6755,407:6775,407:6815,atlas,0
407:6755,407:6775,407:6868,atlas,0
407:6755,407:6774,407:6908,atlas,0
407:6755,407:6774,407:6815,atlas,0
407:6755,407:6774,407:6868,atlas,0
407:6755,407:6773,407:6908,atlas,0
407:6755,407:6773,407:6815,atlas,0
407:6755,407:6773,407:6868,atlas,0
407:6755,407:6770,407:6908,atlas,0
407:6755,407:6770,407:6815,atlas,0
407:6755,407:6770,407:6868,atlas,0
407:6755,407:6771,407:6908,atlas,0
407:6755,407:6771,407:6815,atlas,0
407:6755,407:6771,407:6868,atlas,0
407:6755,407:6795,407:6908,atlas,0
407:6755,407:6795,407:6815,atlas,0
407:6755,407:6795,407:6868,atlas,0
407:6755,407:6794,407:6908,atlas,0
407:6755,407:6794,407:6815,atlas,0
407:6755,407:6794,407:6868,atlas,0
407:6755,407:6793,407:6908,atlas,0
407:6755,407:6793,407:6815,atlas,0
407:6755,407:6793,407:6868,atlas,0
407:6755,407:6798,407:6908,atlas,0
407:6755,407:6798,407:6815,atlas,0
407:6755,407:6798,407:6868,atlas,0
407:6755,407:6809,407:6908,atlas,1
407:6755,407:6809,407:6908,atlas,0
407:6755,407:6809,407:6815,atlas,0
407:6755,407:6809,407:6868,atlas,0
407:6755,407:6814,407:6908,atlas,0
407:6755,407:6814,407:6815,atlas,0
407:6755,407:6814,407:6868,atlas,0
407:6755,407:6810,407:6908,atlas,0
407:6755,407:6810,407:6815,atlas,0
407:6755,407:6810,407:6868,atlas,0
407:6755,407:6813,407:6908,atlas,0
407:6755,407:6813,407:6815,atlas,0
407:6755,407:6813,407:6868,atlas,0
407:6755,407:6812,407:6908,atlas,0
407:6755,407:6812,407:6815,atlas,0
407:6755,407:6812,407:6868,atlas,0
407:6755,407:6811,407:6908,atlas,0
407:6755,407:6811,407:6815,atlas,0
407:6755,407:6811,407:6868,atlas,0
407:6755,407:6804,407:6908,atlas,0
407:6755,407:6804,407:6815,atlas,1
407:6755,407:6804,407:6815,atlas,0
407:6755,407:6804,407:6868,atlas,0
407:6755,407:6808,407:6908,atlas,0
407:6755,407:6808,407:6815,atlas,0
407:6755,407:6808,407:6868,atlas,0
407:6755,407:6805,407:6908,atlas,0
407:6755,407:6805,407:6815,atlas,0
407:6755,407:6805,407:6868,atlas,0
407:6755,407:6807,407:6908,atlas,0
407:6755,407:6807,407:6815,atlas,0
407:6755,407:6807,407:6868,atlas,0
407:6755,407:6806,407:6908,atlas,0
407:6755,407:6806,407:6815,atlas,0
407:6755,407:6806,407:6868,atlas,0
407:6755,407:6799,407:6908,atlas,0
407:6755,407:6799,407:6815,atlas,0
407:6755,407:6799,407:6868,atlas,0
407:6755,407:6803,407:6908,atlas,0
407:6755,407:6803,407:6815,atlas,0
407:6755,407:6803,407:6868,atlas,0
407:6755,407:6800,407:6908,atlas,0
407:6755,407:6800,407:6815,atlas,0
407:6755,407:6800,407:6868,atlas,0
407:6755,407:6802,407:6908,atlas,0
407:6755,407:6802,407:6815,atlas,0
407:6755,407:6802,407:6868,atlas,0
407:6755,407:6801,407:6908,atlas,0
407:6755,407:6801,407:6815,atlas,0
407:6755,407:6801,407:6868,atlas,0
407:6755,407:6797,407:6908,atlas,0
407:6755,407:6797,407:6815,atlas,0
407:6755,407:6797,407:6868,atlas,0
